Pass_PassID,CaseID,Pass_原文道次,Pass_层号,Pass_层内道号,Pass_焊道功能,Pass_工艺参数库记录ID,Pass_焊接方法,Pass_电流下限_A,Pass_电流上限_A,Pass_推荐_实测电流_A,Pass_电压下限_V,Pass_电压上限_V,Pass_推荐_实测电压_V,Pass_焊速下限_mm_min,Pass_焊速上限_mm_min,Pass_推荐_实测焊速_mm_min,Pass_推荐_实测焊速_cm_min_计算,Pass_送丝速度下限_m_min,Pass_送丝速度上限_m_min,Pass_推荐_实测送丝速度_m_min,Pass_气体流量下限_L_min,Pass_气体流量上限_L_min,Pass_推荐气体流量_L_min,Pass_CTWD下限_mm,Pass_CTWD上限_mm,Pass_推荐CTWD_mm,Pass_热效率η,Pass_热输入_kJ_mm,Pass_热输入来源,Pass_参数性质,Pass_核验状态,Pass_训练准入,Pass_来源说明,Pass_干伸长下限_mm,Pass_干伸长上限_mm,Pass_推荐干伸长_mm,Pass_ExcelRow,Case_案例名称,Case_数据类型,Case_材料牌号,Case_板厚_mm,Case_接头类型,Case_坡口形式,Case_坡口角度_deg,Case_根部间隙_mm,Case_钝边下限_mm,Case_钝边上限_mm,Case_推荐钝边_mm,Case_焊接面数,Case_衬垫类型,Case_焊接位置_原文,Case_焊接方法,Case_ISO4063,Case_焊材牌号,Case_焊丝直径_mm,Case_保护气体,Case_气体流量下限_L_min,Case_气体流量上限_L_min,Case_推荐气体流量_L_min,Case_极性,Case_预热温度_C,Case_层间温度上限_C,Case_总层数,Case_总道数,Case_完整MAG工艺,Case_数据覆盖,Case_核验状态,Case_训练准入,Case_数据可信度,Case_来源名称,Case_来源类型,Case_来源链接,Case_原文定位,Case_备注,Case_坡口角度定义,Case_单边坡口角度_deg,Case_ExcelRow,ObservationID,PassID,PassRole,ContextWeight,RoleBasis,Thickness,RootGap,GrooveAngle,Position,SourceGroup,Approved,Current_SourceValue,Current,Current_Eligible,Current_Reason,Voltage_SourceValue,Voltage,Voltage_Eligible,Voltage_Reason,TravelSpeed_SourceValue,TravelSpeed,TravelSpeed_Eligible,TravelSpeed_Reason,DataClass,ExclusionReason,Material,Process,JointType,InProjectScope,ScopeMissingFields,ScopeMismatchFields,EvidenceLevel_Suggested,EvidenceLevel_Basis,EvidenceLevel_Manual,EvidenceReviewStatus,SourceID,Source,Eligible_Current,EligibilityReason_Current,Eligible_Voltage,EligibilityReason_Voltage,Eligible_TravelSpeed,EligibilityReason_TravelSpeed
P12PA-01,AH36-12-PA-001,1,1.0,1.0,打底,,MAG 136,160.0,180.0,18.0,23.0,25.0,24.0,120.0,150.0,130.0,13.0,4.5,5.5,5.0,20.0,25.0,22.0,10.0,13.0,11.5,,,,候选范围+首轮起点,已核对用户截图,待审核,用户截图原始单位焊速为cm/min，数据库统一换算为mm/min；CTWD推荐值取截图建议区间中点。,,,,2,12mm平焊首轮试板候选方案,工程候选Case,AH36,12,对接,单V,40.0,8.0,,,,1.0,陶瓷衬垫,PA / AWS 1G,MAG（药芯焊丝，CO₂）,136.0,T492T1-1C1A / AWS E71T-1C,1.2,100% CO₂,20.0,25.0,22.0,DCEP,,,4.0,5.0,是,完整候选逐道方案,已核对用户截图,待审核,中,用户提供的12 mm首轮试板候选方案,用户提供图片/工程候选方案,,用户截图：数据库定义、4层5道逐道参数、保护气体与CTWD,与项目目标工况高度匹配；数值属于首轮工程起点，尚未经过试板结果验证。,总夹角,20.0,2,P12PA-01,P12PA-01,Root,1.0,Source role,12.0,8.0,40.0,PA,用户提供的12 mm首轮试板候选方案,False,18.0,,False,"Engineering starting values, not experiments; Not an eligible experimental point; Source not verified in workbook; Formula-based target excluded",24.0,24.0,False,"Engineering starting values, not experiments; Not an eligible experimental point; Source not verified in workbook",130.0,130.0,False,"Engineering starting values, not experiments; Not an eligible experimental point; Source not verified in workbook",Auxiliary,"Engineering starting values, not experiments; Not an eligible experimental point; Source not verified in workbook",AH36,MAG 136,Single-V Butt Joint,True,,,B,Traceable engineering or WPS setting; human review remains open,,Pending,SRC-012,用户提供的12 mm首轮试板候选方案,False,Formula-based target excluded,True,,True,
P12PA-02,AH36-12-PA-001,2,2.0,1.0,填充,,MAG 136,185.0,205.0,195.0,24.0,26.0,25.0,150.0,180.0,160.0,16.0,5.8,6.6,6.2,20.0,25.0,22.0,12.0,16.0,14.0,,,,候选范围+首轮起点,已核对用户截图,待审核,用户截图逐道候选参数；CTWD推荐13~15 mm，以14 mm记录为数据库单值。,,,,3,12mm平焊首轮试板候选方案,工程候选Case,AH36,12,对接,单V,40.0,8.0,,,,1.0,陶瓷衬垫,PA / AWS 1G,MAG（药芯焊丝，CO₂）,136.0,T492T1-1C1A / AWS E71T-1C,1.2,100% CO₂,20.0,25.0,22.0,DCEP,,,4.0,5.0,是,完整候选逐道方案,已核对用户截图,待审核,中,用户提供的12 mm首轮试板候选方案,用户提供图片/工程候选方案,,用户截图：数据库定义、4层5道逐道参数、保护气体与CTWD,与项目目标工况高度匹配；数值属于首轮工程起点，尚未经过试板结果验证。,总夹角,20.0,2,P12PA-02,P12PA-02,Fill,1.0,Source role,12.0,8.0,40.0,PA,用户提供的12 mm首轮试板候选方案,False,195.0,,False,"Engineering starting values, not experiments; Not an eligible experimental point; Source not verified in workbook; Formula-based target excluded",25.0,25.0,False,"Engineering starting values, not experiments; Not an eligible experimental point; Source not verified in workbook",160.0,160.0,False,"Engineering starting values, not experiments; Not an eligible experimental point; Source not verified in workbook",Auxiliary,"Engineering starting values, not experiments; Not an eligible experimental point; Source not verified in workbook",AH36,MAG 136,Single-V Butt Joint,True,,,B,Traceable engineering or WPS setting; human review remains open,,Pending,SRC-012,用户提供的12 mm首轮试板候选方案,False,Formula-based target excluded,True,,True,
P12PA-03,AH36-12-PA-001,3,3.0,1.0,填充,,MAG 136,205.0,220.0,210.0,25.0,27.0,26.0,170.0,200.0,180.0,18.0,6.6,8.0,6.8,20.0,25.0,22.0,12.0,16.0,14.0,,,,候选范围+首轮起点,已核对用户截图,待审核,用户截图逐道候选参数；CTWD推荐13~15 mm，以14 mm记录为数据库单值。,,,,4,12mm平焊首轮试板候选方案,工程候选Case,AH36,12,对接,单V,40.0,8.0,,,,1.0,陶瓷衬垫,PA / AWS 1G,MAG（药芯焊丝，CO₂）,136.0,T492T1-1C1A / AWS E71T-1C,1.2,100% CO₂,20.0,25.0,22.0,DCEP,,,4.0,5.0,是,完整候选逐道方案,已核对用户截图,待审核,中,用户提供的12 mm首轮试板候选方案,用户提供图片/工程候选方案,,用户截图：数据库定义、4层5道逐道参数、保护气体与CTWD,与项目目标工况高度匹配；数值属于首轮工程起点，尚未经过试板结果验证。,总夹角,20.0,2,P12PA-03,P12PA-03,Fill,1.0,Source role,12.0,8.0,40.0,PA,用户提供的12 mm首轮试板候选方案,False,210.0,,False,"Engineering starting values, not experiments; Not an eligible experimental point; Source not verified in workbook; Formula-based target excluded",26.0,26.0,False,"Engineering starting values, not experiments; Not an eligible experimental point; Source not verified in workbook",180.0,180.0,False,"Engineering starting values, not experiments; Not an eligible experimental point; Source not verified in workbook",Auxiliary,"Engineering starting values, not experiments; Not an eligible experimental point; Source not verified in workbook",AH36,MAG 136,Single-V Butt Joint,True,,,B,Traceable engineering or WPS setting; human review remains open,,Pending,SRC-012,用户提供的12 mm首轮试板候选方案,False,Formula-based target excluded,True,,True,
P12PA-04,AH36-12-PA-001,4,4.0,1.0,左侧盖面,,MAG 136,175.0,195.0,180.0,24.0,25.5,24.5,180.0,220.0,200.0,20.0,5.3,6.2,5.6,20.0,25.0,22.0,12.0,15.0,13.0,,,,候选范围+首轮起点,已核对用户截图,待审核,用户截图逐道候选参数。,,,,5,12mm平焊首轮试板候选方案,工程候选Case,AH36,12,对接,单V,40.0,8.0,,,,1.0,陶瓷衬垫,PA / AWS 1G,MAG（药芯焊丝，CO₂）,136.0,T492T1-1C1A / AWS E71T-1C,1.2,100% CO₂,20.0,25.0,22.0,DCEP,,,4.0,5.0,是,完整候选逐道方案,已核对用户截图,待审核,中,用户提供的12 mm首轮试板候选方案,用户提供图片/工程候选方案,,用户截图：数据库定义、4层5道逐道参数、保护气体与CTWD,与项目目标工况高度匹配；数值属于首轮工程起点，尚未经过试板结果验证。,总夹角,20.0,2,P12PA-04,P12PA-04,Cap,1.0,Source role,12.0,8.0,40.0,PA,用户提供的12 mm首轮试板候选方案,False,180.0,,False,"Engineering starting values, not experiments; Not an eligible experimental point; Source not verified in workbook; Formula-based target excluded",24.5,24.5,False,"Engineering starting values, not experiments; Not an eligible experimental point; Source not verified in workbook",200.0,200.0,False,"Engineering starting values, not experiments; Not an eligible experimental point; Source not verified in workbook",Auxiliary,"Engineering starting values, not experiments; Not an eligible experimental point; Source not verified in workbook",AH36,MAG 136,Single-V Butt Joint,True,,,B,Traceable engineering or WPS setting; human review remains open,,Pending,SRC-012,用户提供的12 mm首轮试板候选方案,False,Formula-based target excluded,True,,True,
P12PA-05,AH36-12-PA-001,5,4.0,2.0,右侧盖面,,MAG 136,175.0,195.0,180.0,24.0,25.5,24.5,180.0,220.0,200.0,20.0,5.3,6.2,5.6,20.0,25.0,22.0,12.0,15.0,13.0,,,,候选范围+首轮起点,已核对用户截图,待审核,用户截图逐道候选参数。,,,,6,12mm平焊首轮试板候选方案,工程候选Case,AH36,12,对接,单V,40.0,8.0,,,,1.0,陶瓷衬垫,PA / AWS 1G,MAG（药芯焊丝，CO₂）,136.0,T492T1-1C1A / AWS E71T-1C,1.2,100% CO₂,20.0,25.0,22.0,DCEP,,,4.0,5.0,是,完整候选逐道方案,已核对用户截图,待审核,中,用户提供的12 mm首轮试板候选方案,用户提供图片/工程候选方案,,用户截图：数据库定义、4层5道逐道参数、保护气体与CTWD,与项目目标工况高度匹配；数值属于首轮工程起点，尚未经过试板结果验证。,总夹角,20.0,2,P12PA-05,P12PA-05,Cap,1.0,Source role,12.0,8.0,40.0,PA,用户提供的12 mm首轮试板候选方案,False,180.0,,False,"Engineering starting values, not experiments; Not an eligible experimental point; Source not verified in workbook; Formula-based target excluded",24.5,24.5,False,"Engineering starting values, not experiments; Not an eligible experimental point; Source not verified in workbook",200.0,200.0,False,"Engineering starting values, not experiments; Not an eligible experimental point; Source not verified in workbook",Auxiliary,"Engineering starting values, not experiments; Not an eligible experimental point; Source not verified in workbook",AH36,MAG 136,Single-V Butt Joint,True,,,B,Traceable engineering or WPS setting; human review remains open,,Pending,SRC-012,用户提供的12 mm首轮试板候选方案,False,Formula-based target excluded,True,,True,
P12VU-01,AH36-12-VU-001,1,,,打底,,MAG 136,140.0,150.0,,21.0,22.0,,,,,,,,,15.0,18.0,,,,,,,,文献实验范围,已核验原文,待审核,"MDPI Section 2.2：root parameters 140–150 A, 21–22 V。",,,,7,12mm立向上焊同行评议文献Case,实验文献Case,AH36,12,对接,单V,,,,,,,,Vertical up,MAG（药芯焊丝）,136.0,AWS A5.20 E71T-1C,1.2,100% CO₂,15.0,18.0,,,,,,4.0,是,根部参数+后三道完成参数范围,已核验原文,待审核,高,Long-Term Marine Environment Exposure Effect on Butt-Welded Shipbuilding Steel,同行评议论文,https://www.mdpi.com/2077-1312/9/5/491,Section 2.2 Specimen Preparation and Marine Environment Exposure,12 mm、AH36、single V、136、E71T-1C、100% CO₂、4 passes均由原文支持；焊接位置与当前PA/1G候选方案不同。,原文仅写single V，角度未给,,3,P12VU-01,P12VU-01,Root,1.0,Source role,12.0,,,PF,https://www.mdpi.com/2077-1312/9/5/491,False,,,False,"Missing or ambiguous input: GrooveAngle,RootGap; Not an eligible experimental point; Formula-based target excluded; Missing target",,,False,"Missing or ambiguous input: GrooveAngle,RootGap; Not an eligible experimental point; Missing target",,,False,"Missing or ambiguous input: GrooveAngle,RootGap; Not an eligible experimental point; Missing target",Constraint,"Missing or ambiguous input: GrooveAngle,RootGap; Not an eligible experimental point",AH36,MAG 136,Single-V Butt Joint,False,"GrooveAngle, RootGap",Position,E,Known project identity or geometry is incompatible with V0.2 scope,,Pending,SRC-006,Long-Term Marine Environment Exposure Effect on Butt-Welded Shipbuilding Steel,False,"Missing project scope fields: GrooveAngle,RootGap; Outside project scope: Position; EvidenceLevel E is not eligible for supervised training; Missing or invalid target; Formula-based target excluded",False,"Missing project scope fields: GrooveAngle,RootGap; Outside project scope: Position; EvidenceLevel E is not eligible for supervised training; Missing or invalid target",False,"Missing project scope fields: GrooveAngle,RootGap; Outside project scope: Position; EvidenceLevel E is not eligible for supervised training; Missing or invalid target"
P12VU-02-04,AH36-12-VU-001,2-4,,,完成焊道（后三道共用范围）,,MAG 136,190.0,200.0,,24.0,25.0,,,,,,,,,15.0,18.0,,,,,,,,文献实验范围,已核验原文,待审核,"MDPI Section 2.2：finish parameters 190–200 A, 24–25 V；原文共4 passes，未逐道拆分后三道。",,,,8,12mm立向上焊同行评议文献Case,实验文献Case,AH36,12,对接,单V,,,,,,,,Vertical up,MAG（药芯焊丝）,136.0,AWS A5.20 E71T-1C,1.2,100% CO₂,15.0,18.0,,,,,,4.0,是,根部参数+后三道完成参数范围,已核验原文,待审核,高,Long-Term Marine Environment Exposure Effect on Butt-Welded Shipbuilding Steel,同行评议论文,https://www.mdpi.com/2077-1312/9/5/491,Section 2.2 Specimen Preparation and Marine Environment Exposure,12 mm、AH36、single V、136、E71T-1C、100% CO₂、4 passes均由原文支持；焊接位置与当前PA/1G候选方案不同。,原文仅写single V，角度未给,,3,P12VU-02-04,P12VU-02-04,,1.0,Source role,12.0,,,PF,https://www.mdpi.com/2077-1312/9/5/491,False,,,False,"Missing or ambiguous input: GrooveAngle,RootGap,PassRole; Not an eligible experimental point; Formula-based target excluded; Missing target",,,False,"Missing or ambiguous input: GrooveAngle,RootGap,PassRole; Not an eligible experimental point; Missing target",,,False,"Missing or ambiguous input: GrooveAngle,RootGap,PassRole; Not an eligible experimental point; Missing target",Constraint,"Missing or ambiguous input: GrooveAngle,RootGap,PassRole; Not an eligible experimental point",AH36,MAG 136,Single-V Butt Joint,False,"GrooveAngle, RootGap",Position,E,Known project identity or geometry is incompatible with V0.2 scope,,Pending,SRC-006,Long-Term Marine Environment Exposure Effect on Butt-Welded Shipbuilding Steel,False,"Missing project scope fields: GrooveAngle,RootGap; Outside project scope: Position; Missing or ambiguous PassRole; EvidenceLevel E is not eligible for supervised training; Missing or invalid target; Formula-based target excluded",False,"Missing project scope fields: GrooveAngle,RootGap; Outside project scope: Position; Missing or ambiguous PassRole; EvidenceLevel E is not eligible for supervised training; Missing or invalid target",False,"Missing project scope fields: GrooveAngle,RootGap; Outside project scope: Position; Missing or ambiguous PassRole; EvidenceLevel E is not eligible for supervised training; Missing or invalid target"
P18-01,AH36-18-3G-001,1,,,,,MAG 136（源PQR术语FCAW）,,,145.0,,,24.0,,,138.0,13.8,,,,18.0,18.0,18.0,15.0,25.0,,,1.51,原PQR表,PQR实测参数,已核验公开PQR文本,待审核,PQR-02 Rev.00：Pass 1；CTWD 15~25 mm；shielding gas flow 18 L/min。,,,,9,18mm 3G PQR候选Case,PQR公开样例,AH36,18,对接,单V,35.0,6.0,0.0,1.0,,,陶瓷衬垫,3G Uphill,MAG（药芯焊丝；源PQR术语FCAW）,136.0,AWS A5.36 E71T1-C1A0-CS1 / Hyundai SF-71,1.2,C1/CO₂（组成栏建议继续复核）,18.0,18.0,18.0,DCEP,,,5.0,8.0,是,8道完整参数表,已核验公开PQR文本,待审核,中,"PQR-02 Rev.00, AWS D1.1–2020",公开PQR文档（Scribd）,https://www.scribd.com/document/557127516/WPS-AWS-D1-1-template,PQR-02 Rev.00；Joint Details；Welding Parameters,坡口35°、根开口6 mm、钝边0~1 mm、陶瓷衬垫、DCEP、CTWD 15~25 mm、8道参数可在公开文本中核对；来源并非认证机构官网，训练前仍建议复核原始PQR。,按PQR原文保留35°，角度定义需继续复核,,4,P18-01,P18-01,,1.0,Source role,18.0,6.0,,PF,https://www.scribd.com/document/557127516/WPS-AWS-D1-1-template,False,145.0,,False,"Missing or ambiguous input: GrooveAngle,PassRole; Formula-based target excluded",24.0,24.0,False,"Missing or ambiguous input: GrooveAngle,PassRole",138.0,138.0,False,"Missing or ambiguous input: GrooveAngle,PassRole",Auxiliary,"Missing or ambiguous input: GrooveAngle,PassRole",AH36,MAG 136,Single-V Butt Joint,False,GrooveAngle,Position,E,Known project identity or geometry is incompatible with V0.2 scope,,Pending,SRC-010,"PQR-02 Rev.00, AWS D1.1–2020",False,Missing project scope fields: GrooveAngle; Outside project scope: Position; Missing or ambiguous PassRole; EvidenceLevel E is not eligible for supervised training; Formula-based target excluded,False,Missing project scope fields: GrooveAngle; Outside project scope: Position; Missing or ambiguous PassRole; EvidenceLevel E is not eligible for supervised training,False,Missing project scope fields: GrooveAngle; Outside project scope: Position; Missing or ambiguous PassRole; EvidenceLevel E is not eligible for supervised training
P18-02,AH36-18-3G-001,2,,,,,MAG 136（源PQR术语FCAW）,,,150.0,,,24.0,,,138.0,13.8,,,,18.0,18.0,18.0,15.0,25.0,,,1.57,原PQR表,PQR实测参数,已核验公开PQR文本,待审核,PQR-02 Rev.00：Pass 2。,,,,10,18mm 3G PQR候选Case,PQR公开样例,AH36,18,对接,单V,35.0,6.0,0.0,1.0,,,陶瓷衬垫,3G Uphill,MAG（药芯焊丝；源PQR术语FCAW）,136.0,AWS A5.36 E71T1-C1A0-CS1 / Hyundai SF-71,1.2,C1/CO₂（组成栏建议继续复核）,18.0,18.0,18.0,DCEP,,,5.0,8.0,是,8道完整参数表,已核验公开PQR文本,待审核,中,"PQR-02 Rev.00, AWS D1.1–2020",公开PQR文档（Scribd）,https://www.scribd.com/document/557127516/WPS-AWS-D1-1-template,PQR-02 Rev.00；Joint Details；Welding Parameters,坡口35°、根开口6 mm、钝边0~1 mm、陶瓷衬垫、DCEP、CTWD 15~25 mm、8道参数可在公开文本中核对；来源并非认证机构官网，训练前仍建议复核原始PQR。,按PQR原文保留35°，角度定义需继续复核,,4,P18-02,P18-02,,1.0,Source role,18.0,6.0,,PF,https://www.scribd.com/document/557127516/WPS-AWS-D1-1-template,False,150.0,,False,"Missing or ambiguous input: GrooveAngle,PassRole; Formula-based target excluded",24.0,24.0,False,"Missing or ambiguous input: GrooveAngle,PassRole",138.0,138.0,False,"Missing or ambiguous input: GrooveAngle,PassRole",Auxiliary,"Missing or ambiguous input: GrooveAngle,PassRole",AH36,MAG 136,Single-V Butt Joint,False,GrooveAngle,Position,E,Known project identity or geometry is incompatible with V0.2 scope,,Pending,SRC-010,"PQR-02 Rev.00, AWS D1.1–2020",False,Missing project scope fields: GrooveAngle; Outside project scope: Position; Missing or ambiguous PassRole; EvidenceLevel E is not eligible for supervised training; Formula-based target excluded,False,Missing project scope fields: GrooveAngle; Outside project scope: Position; Missing or ambiguous PassRole; EvidenceLevel E is not eligible for supervised training,False,Missing project scope fields: GrooveAngle; Outside project scope: Position; Missing or ambiguous PassRole; EvidenceLevel E is not eligible for supervised training
P18-03,AH36-18-3G-001,3,,,,,MAG 136（源PQR术语FCAW）,,,153.0,,,24.0,,,125.0,12.5,,,,18.0,18.0,18.0,15.0,25.0,,,1.76,原PQR表,PQR实测参数,已核验公开PQR文本,待审核,PQR-02 Rev.00：Pass 3。,,,,11,18mm 3G PQR候选Case,PQR公开样例,AH36,18,对接,单V,35.0,6.0,0.0,1.0,,,陶瓷衬垫,3G Uphill,MAG（药芯焊丝；源PQR术语FCAW）,136.0,AWS A5.36 E71T1-C1A0-CS1 / Hyundai SF-71,1.2,C1/CO₂（组成栏建议继续复核）,18.0,18.0,18.0,DCEP,,,5.0,8.0,是,8道完整参数表,已核验公开PQR文本,待审核,中,"PQR-02 Rev.00, AWS D1.1–2020",公开PQR文档（Scribd）,https://www.scribd.com/document/557127516/WPS-AWS-D1-1-template,PQR-02 Rev.00；Joint Details；Welding Parameters,坡口35°、根开口6 mm、钝边0~1 mm、陶瓷衬垫、DCEP、CTWD 15~25 mm、8道参数可在公开文本中核对；来源并非认证机构官网，训练前仍建议复核原始PQR。,按PQR原文保留35°，角度定义需继续复核,,4,P18-03,P18-03,,1.0,Source role,18.0,6.0,,PF,https://www.scribd.com/document/557127516/WPS-AWS-D1-1-template,False,153.0,,False,"Missing or ambiguous input: GrooveAngle,PassRole; Formula-based target excluded",24.0,24.0,False,"Missing or ambiguous input: GrooveAngle,PassRole",125.0,125.0,False,"Missing or ambiguous input: GrooveAngle,PassRole",Auxiliary,"Missing or ambiguous input: GrooveAngle,PassRole",AH36,MAG 136,Single-V Butt Joint,False,GrooveAngle,Position,E,Known project identity or geometry is incompatible with V0.2 scope,,Pending,SRC-010,"PQR-02 Rev.00, AWS D1.1–2020",False,Missing project scope fields: GrooveAngle; Outside project scope: Position; Missing or ambiguous PassRole; EvidenceLevel E is not eligible for supervised training; Formula-based target excluded,False,Missing project scope fields: GrooveAngle; Outside project scope: Position; Missing or ambiguous PassRole; EvidenceLevel E is not eligible for supervised training,False,Missing project scope fields: GrooveAngle; Outside project scope: Position; Missing or ambiguous PassRole; EvidenceLevel E is not eligible for supervised training
P18-04,AH36-18-3G-001,4.1,,,,,MAG 136（源PQR术语FCAW）,,,160.0,,,23.0,,,122.0,12.2,,,,18.0,18.0,18.0,15.0,25.0,,,1.81,原PQR表,PQR实测参数,已核验公开PQR文本,待审核,PQR-02 Rev.00：Pass 4.1。,,,,12,18mm 3G PQR候选Case,PQR公开样例,AH36,18,对接,单V,35.0,6.0,0.0,1.0,,,陶瓷衬垫,3G Uphill,MAG（药芯焊丝；源PQR术语FCAW）,136.0,AWS A5.36 E71T1-C1A0-CS1 / Hyundai SF-71,1.2,C1/CO₂（组成栏建议继续复核）,18.0,18.0,18.0,DCEP,,,5.0,8.0,是,8道完整参数表,已核验公开PQR文本,待审核,中,"PQR-02 Rev.00, AWS D1.1–2020",公开PQR文档（Scribd）,https://www.scribd.com/document/557127516/WPS-AWS-D1-1-template,PQR-02 Rev.00；Joint Details；Welding Parameters,坡口35°、根开口6 mm、钝边0~1 mm、陶瓷衬垫、DCEP、CTWD 15~25 mm、8道参数可在公开文本中核对；来源并非认证机构官网，训练前仍建议复核原始PQR。,按PQR原文保留35°，角度定义需继续复核,,4,P18-04,P18-04,,1.0,Source role,18.0,6.0,,PF,https://www.scribd.com/document/557127516/WPS-AWS-D1-1-template,False,160.0,160.0,False,"Missing or ambiguous input: GrooveAngle,PassRole",23.0,23.0,False,"Missing or ambiguous input: GrooveAngle,PassRole",122.0,122.0,False,"Missing or ambiguous input: GrooveAngle,PassRole",Auxiliary,"Missing or ambiguous input: GrooveAngle,PassRole",AH36,MAG 136,Single-V Butt Joint,False,GrooveAngle,Position,E,Known project identity or geometry is incompatible with V0.2 scope,,Pending,SRC-010,"PQR-02 Rev.00, AWS D1.1–2020",False,Missing project scope fields: GrooveAngle; Outside project scope: Position; Missing or ambiguous PassRole; EvidenceLevel E is not eligible for supervised training,False,Missing project scope fields: GrooveAngle; Outside project scope: Position; Missing or ambiguous PassRole; EvidenceLevel E is not eligible for supervised training,False,Missing project scope fields: GrooveAngle; Outside project scope: Position; Missing or ambiguous PassRole; EvidenceLevel E is not eligible for supervised training
P18-05,AH36-18-3G-001,4.2,,,,,MAG 136（源PQR术语FCAW）,,,160.0,,,24.0,,,140.0,14.0,,,,18.0,18.0,18.0,15.0,25.0,,,1.65,原PQR表,PQR实测参数,已核验公开PQR文本,待审核,PQR-02 Rev.00：Pass 4.2。,,,,13,18mm 3G PQR候选Case,PQR公开样例,AH36,18,对接,单V,35.0,6.0,0.0,1.0,,,陶瓷衬垫,3G Uphill,MAG（药芯焊丝；源PQR术语FCAW）,136.0,AWS A5.36 E71T1-C1A0-CS1 / Hyundai SF-71,1.2,C1/CO₂（组成栏建议继续复核）,18.0,18.0,18.0,DCEP,,,5.0,8.0,是,8道完整参数表,已核验公开PQR文本,待审核,中,"PQR-02 Rev.00, AWS D1.1–2020",公开PQR文档（Scribd）,https://www.scribd.com/document/557127516/WPS-AWS-D1-1-template,PQR-02 Rev.00；Joint Details；Welding Parameters,坡口35°、根开口6 mm、钝边0~1 mm、陶瓷衬垫、DCEP、CTWD 15~25 mm、8道参数可在公开文本中核对；来源并非认证机构官网，训练前仍建议复核原始PQR。,按PQR原文保留35°，角度定义需继续复核,,4,P18-05,P18-05,,1.0,Source role,18.0,6.0,,PF,https://www.scribd.com/document/557127516/WPS-AWS-D1-1-template,False,160.0,160.0,False,"Missing or ambiguous input: GrooveAngle,PassRole",24.0,24.0,False,"Missing or ambiguous input: GrooveAngle,PassRole",140.0,140.0,False,"Missing or ambiguous input: GrooveAngle,PassRole",Auxiliary,"Missing or ambiguous input: GrooveAngle,PassRole",AH36,MAG 136,Single-V Butt Joint,False,GrooveAngle,Position,E,Known project identity or geometry is incompatible with V0.2 scope,,Pending,SRC-010,"PQR-02 Rev.00, AWS D1.1–2020",False,Missing project scope fields: GrooveAngle; Outside project scope: Position; Missing or ambiguous PassRole; EvidenceLevel E is not eligible for supervised training,False,Missing project scope fields: GrooveAngle; Outside project scope: Position; Missing or ambiguous PassRole; EvidenceLevel E is not eligible for supervised training,False,Missing project scope fields: GrooveAngle; Outside project scope: Position; Missing or ambiguous PassRole; EvidenceLevel E is not eligible for supervised training
P18-06,AH36-18-3G-001,5.1,,,,,MAG 136（源PQR术语FCAW）,,,165.0,,,24.0,,,140.0,14.0,,,,18.0,18.0,18.0,15.0,25.0,,,1.7,原PQR表,PQR实测参数,已核验公开PQR文本,待审核,PQR-02 Rev.00：Pass 5.1。,,,,14,18mm 3G PQR候选Case,PQR公开样例,AH36,18,对接,单V,35.0,6.0,0.0,1.0,,,陶瓷衬垫,3G Uphill,MAG（药芯焊丝；源PQR术语FCAW）,136.0,AWS A5.36 E71T1-C1A0-CS1 / Hyundai SF-71,1.2,C1/CO₂（组成栏建议继续复核）,18.0,18.0,18.0,DCEP,,,5.0,8.0,是,8道完整参数表,已核验公开PQR文本,待审核,中,"PQR-02 Rev.00, AWS D1.1–2020",公开PQR文档（Scribd）,https://www.scribd.com/document/557127516/WPS-AWS-D1-1-template,PQR-02 Rev.00；Joint Details；Welding Parameters,坡口35°、根开口6 mm、钝边0~1 mm、陶瓷衬垫、DCEP、CTWD 15~25 mm、8道参数可在公开文本中核对；来源并非认证机构官网，训练前仍建议复核原始PQR。,按PQR原文保留35°，角度定义需继续复核,,4,P18-06,P18-06,,1.0,Source role,18.0,6.0,,PF,https://www.scribd.com/document/557127516/WPS-AWS-D1-1-template,False,165.0,165.0,False,"Missing or ambiguous input: GrooveAngle,PassRole",24.0,24.0,False,"Missing or ambiguous input: GrooveAngle,PassRole",140.0,140.0,False,"Missing or ambiguous input: GrooveAngle,PassRole",Auxiliary,"Missing or ambiguous input: GrooveAngle,PassRole",AH36,MAG 136,Single-V Butt Joint,False,GrooveAngle,Position,E,Known project identity or geometry is incompatible with V0.2 scope,,Pending,SRC-010,"PQR-02 Rev.00, AWS D1.1–2020",False,Missing project scope fields: GrooveAngle; Outside project scope: Position; Missing or ambiguous PassRole; EvidenceLevel E is not eligible for supervised training,False,Missing project scope fields: GrooveAngle; Outside project scope: Position; Missing or ambiguous PassRole; EvidenceLevel E is not eligible for supervised training,False,Missing project scope fields: GrooveAngle; Outside project scope: Position; Missing or ambiguous PassRole; EvidenceLevel E is not eligible for supervised training
P18-07,AH36-18-3G-001,5.2,,,,,MAG 136（源PQR术语FCAW）,,,160.0,,,26.0,,,140.0,14.0,,,,18.0,18.0,18.0,15.0,25.0,,,1.78,原PQR表,PQR实测参数,已核验公开PQR文本,待审核,PQR-02 Rev.00：Pass 5.2。,,,,15,18mm 3G PQR候选Case,PQR公开样例,AH36,18,对接,单V,35.0,6.0,0.0,1.0,,,陶瓷衬垫,3G Uphill,MAG（药芯焊丝；源PQR术语FCAW）,136.0,AWS A5.36 E71T1-C1A0-CS1 / Hyundai SF-71,1.2,C1/CO₂（组成栏建议继续复核）,18.0,18.0,18.0,DCEP,,,5.0,8.0,是,8道完整参数表,已核验公开PQR文本,待审核,中,"PQR-02 Rev.00, AWS D1.1–2020",公开PQR文档（Scribd）,https://www.scribd.com/document/557127516/WPS-AWS-D1-1-template,PQR-02 Rev.00；Joint Details；Welding Parameters,坡口35°、根开口6 mm、钝边0~1 mm、陶瓷衬垫、DCEP、CTWD 15~25 mm、8道参数可在公开文本中核对；来源并非认证机构官网，训练前仍建议复核原始PQR。,按PQR原文保留35°，角度定义需继续复核,,4,P18-07,P18-07,,1.0,Source role,18.0,6.0,,PF,https://www.scribd.com/document/557127516/WPS-AWS-D1-1-template,False,160.0,160.0,False,"Missing or ambiguous input: GrooveAngle,PassRole",26.0,26.0,False,"Missing or ambiguous input: GrooveAngle,PassRole",140.0,140.0,False,"Missing or ambiguous input: GrooveAngle,PassRole",Auxiliary,"Missing or ambiguous input: GrooveAngle,PassRole",AH36,MAG 136,Single-V Butt Joint,False,GrooveAngle,Position,E,Known project identity or geometry is incompatible with V0.2 scope,,Pending,SRC-010,"PQR-02 Rev.00, AWS D1.1–2020",False,Missing project scope fields: GrooveAngle; Outside project scope: Position; Missing or ambiguous PassRole; EvidenceLevel E is not eligible for supervised training,False,Missing project scope fields: GrooveAngle; Outside project scope: Position; Missing or ambiguous PassRole; EvidenceLevel E is not eligible for supervised training,False,Missing project scope fields: GrooveAngle; Outside project scope: Position; Missing or ambiguous PassRole; EvidenceLevel E is not eligible for supervised training
P18-08,AH36-18-3G-001,5.3,,,,,MAG 136（源PQR术语FCAW）,,,165.0,,,26.0,,,150.0,15.0,,,,18.0,18.0,18.0,15.0,25.0,,,1.72,原PQR表,PQR实测参数,已核验公开PQR文本,待审核,PQR-02 Rev.00：Pass 5.3。,,,,16,18mm 3G PQR候选Case,PQR公开样例,AH36,18,对接,单V,35.0,6.0,0.0,1.0,,,陶瓷衬垫,3G Uphill,MAG（药芯焊丝；源PQR术语FCAW）,136.0,AWS A5.36 E71T1-C1A0-CS1 / Hyundai SF-71,1.2,C1/CO₂（组成栏建议继续复核）,18.0,18.0,18.0,DCEP,,,5.0,8.0,是,8道完整参数表,已核验公开PQR文本,待审核,中,"PQR-02 Rev.00, AWS D1.1–2020",公开PQR文档（Scribd）,https://www.scribd.com/document/557127516/WPS-AWS-D1-1-template,PQR-02 Rev.00；Joint Details；Welding Parameters,坡口35°、根开口6 mm、钝边0~1 mm、陶瓷衬垫、DCEP、CTWD 15~25 mm、8道参数可在公开文本中核对；来源并非认证机构官网，训练前仍建议复核原始PQR。,按PQR原文保留35°，角度定义需继续复核,,4,P18-08,P18-08,,1.0,Source role,18.0,6.0,,PF,https://www.scribd.com/document/557127516/WPS-AWS-D1-1-template,False,165.0,165.0,False,"Missing or ambiguous input: GrooveAngle,PassRole",26.0,26.0,False,"Missing or ambiguous input: GrooveAngle,PassRole",150.0,150.0,False,"Missing or ambiguous input: GrooveAngle,PassRole",Auxiliary,"Missing or ambiguous input: GrooveAngle,PassRole",AH36,MAG 136,Single-V Butt Joint,False,GrooveAngle,Position,E,Known project identity or geometry is incompatible with V0.2 scope,,Pending,SRC-010,"PQR-02 Rev.00, AWS D1.1–2020",False,Missing project scope fields: GrooveAngle; Outside project scope: Position; Missing or ambiguous PassRole; EvidenceLevel E is not eligible for supervised training,False,Missing project scope fields: GrooveAngle; Outside project scope: Position; Missing or ambiguous PassRole; EvidenceLevel E is not eligible for supervised training,False,Missing project scope fields: GrooveAngle; Outside project scope: Position; Missing or ambiguous PassRole; EvidenceLevel E is not eligible for supervised training
P20-SSAW-ROOT,AH36-20-ROOT-SSAW,1,,,打底,,MAG根焊（药芯焊丝）,140.0,140.0,140.0,27.0,27.0,27.0,214.2,214.2,214.2,21.419999999999998,,,,,,,,,,0.8,0.8470588235294118,公式/原文Table 4核对,文献实测参数,已核验原文,否,SciELO Table 4：FCAW root pass；后续为single-wire SAW。,,,,17,20mm单丝SAW方案FCAW根焊参考,同行评议根焊参考,AH36,20,对接,,,,,,,,,,MAG根焊（药芯焊丝）+ 单丝SAW填充,136.0,E71T-1,1.2,100% CO₂,,,,,,250.0,,1.0,否,仅FCAW根焊,已核验原文,否,高,Evaluation of AH36 microalloyed steel welded joint by submerged arc welding process with one and two wires,同行评议论文,https://www.scielo.br/j/mr/a/rq6fgQ6fnNjCDjXvjtmBYHk/?lang=en,Experimental Procedure；Table 4,20 mm AH36；第1道为FCAW，后续为SAW，因此不作为完整FCAW训练Case，仅保留根焊参考。,原文文本未明确坡口角度,,5,P20-SSAW-ROOT,P20-SSAW-ROOT,Root,1.0,Source role,20.0,,,,https://www.scielo.br/j/mr/a/rq6fgQ6fnNjCDjXvjtmBYHk/?lang=en,False,140.0,140.0,False,"Source explicitly excludes training; Missing or ambiguous input: GrooveAngle,RootGap,Position",27.0,27.0,False,"Source explicitly excludes training; Missing or ambiguous input: GrooveAngle,RootGap,Position",214.2,214.2,False,"Source explicitly excludes training; Missing or ambiguous input: GrooveAngle,RootGap,Position",Auxiliary,"Source explicitly excludes training; Missing or ambiguous input: GrooveAngle,RootGap,Position",AH36,Mixed MAG/SAW,,False,"JointType, Position, GrooveAngle, RootGap",Process,E,Known project identity or geometry is incompatible with V0.2 scope,,Pending,SRC-008,Evaluation of AH36 microalloyed steel welded joint by submerged arc welding process with one and two wires,False,"Missing project scope fields: JointType,Position,GrooveAngle,RootGap; Outside project scope: Process; EvidenceLevel E is not eligible for supervised training; Source explicitly excludes training",False,"Missing project scope fields: JointType,Position,GrooveAngle,RootGap; Outside project scope: Process; EvidenceLevel E is not eligible for supervised training; Source explicitly excludes training",False,"Missing project scope fields: JointType,Position,GrooveAngle,RootGap; Outside project scope: Process; EvidenceLevel E is not eligible for supervised training; Source explicitly excludes training"
P20-TSAW-ROOT,AH36-20-ROOT-TSAW,1,,,打底,,MAG根焊（药芯焊丝）,140.0,140.0,140.0,27.0,27.0,27.0,205.2,205.2,205.2,20.52,,,,,,,,,,0.8,0.8842105263157896,公式/原文Table 5核对,文献实测参数,已核验原文,否,SciELO Table 5：FCAW root pass；后续为tandem SAW。,,,,18,20mm双丝SAW方案FCAW根焊参考,同行评议根焊参考,AH36,20,对接,,,,,,,,,,MAG根焊（药芯焊丝）+ Tandem SAW填充,136.0,E71T-1,1.2,100% CO₂,,,,,,250.0,,1.0,否,仅FCAW根焊,已核验原文,否,高,Evaluation of AH36 microalloyed steel welded joint by submerged arc welding process with one and two wires,同行评议论文,https://www.scielo.br/j/mr/a/rq6fgQ6fnNjCDjXvjtmBYHk/?lang=en,Experimental Procedure；Table 5,20 mm AH36；第1道为FCAW，后续为Tandem SAW，因此不作为完整FCAW训练Case，仅保留根焊参考。,原文文本未明确坡口角度,,6,P20-TSAW-ROOT,P20-TSAW-ROOT,Root,1.0,Source role,20.0,,,,https://www.scielo.br/j/mr/a/rq6fgQ6fnNjCDjXvjtmBYHk/?lang=en,False,140.0,140.0,False,"Source explicitly excludes training; Missing or ambiguous input: GrooveAngle,RootGap,Position",27.0,27.0,False,"Source explicitly excludes training; Missing or ambiguous input: GrooveAngle,RootGap,Position",205.2,205.2,False,"Source explicitly excludes training; Missing or ambiguous input: GrooveAngle,RootGap,Position",Auxiliary,"Source explicitly excludes training; Missing or ambiguous input: GrooveAngle,RootGap,Position",AH36,Mixed MAG/SAW,,False,"JointType, Position, GrooveAngle, RootGap",Process,E,Known project identity or geometry is incompatible with V0.2 scope,,Pending,SRC-008,Evaluation of AH36 microalloyed steel welded joint by submerged arc welding process with one and two wires,False,"Missing project scope fields: JointType,Position,GrooveAngle,RootGap; Outside project scope: Process; EvidenceLevel E is not eligible for supervised training; Source explicitly excludes training",False,"Missing project scope fields: JointType,Position,GrooveAngle,RootGap; Outside project scope: Process; EvidenceLevel E is not eligible for supervised training; Source explicitly excludes training",False,"Missing project scope fields: JointType,Position,GrooveAngle,RootGap; Outside project scope: Process; EvidenceLevel E is not eligible for supervised training; Source explicitly excludes training"
P10-S1,AH36-10-S1-001,S-1,,,,,MAG 136（源文标题称GMAW）,200.0,200.0,200.0,26.0,26.0,26.0,137.0,137.0,137.0,13.7,,,,,,,,,,,1.82,原文Table 1,研究稿实验参数,已核验公开研究稿文本,待审核,ResearchGate公开研究稿 Table 1，S-1；层数/道次/焊接位置未给出。,,,,19,10mm单V S1实验工况,公开研究稿实验Case,AH36,10,对接,单V,60.0,5.0,,,,,,,MAG（药芯焊丝/100% CO₂；源文标题称GMAW）,136.0,Hyundai Supercored 71 / AWS A5.20 E71T-1C,1.2,100% CO₂,,,,,,,,,待核验,S1单工况；层数/道次/位置未给出,已核验公开研究稿文本,待审核,中,Finite Element Analysis of Residual Stresses in Gas Metal Arc Welded AH36 Shipbuilding Steel Joints: A Combined Experimental and Numerical Investigation,ResearchGate公开研究稿,https://www.researchgate.net/publication/412867021_Finite_Element_Analysis_of_Residual_Stresses_in_Gas_Metal_Arc_Welded_AH36_Shipbuilding_Steel_Joints_A_Combined_Experimental_and_Numerical_Investigation,Section 2.1 Base Material and Welding Consumables；Table 1（S-1）,原文明确AH36 10 mm、single V 60°、root gap 5 mm、E71T-1C Ø1.2、100% CO₂及S-1参数；焊接位置、层道信息和正式出版状态仍需继续核验。,总夹角,30.0,7,P10-S1,P10-S1,,1.0,Source role,10.0,5.0,60.0,,https://www.researchgate.net/publication/412867021_Finite_Element_Analysis_of_Residual_Stresses_in_Gas_Metal_Arc_Welded_AH36_Shipbuilding_Steel_Joints_A_Combined_Experimental_and_Numerical_Investigation,False,200.0,200.0,False,"Missing or ambiguous input: Position,PassRole",26.0,26.0,False,"Missing or ambiguous input: Position,PassRole",137.0,137.0,False,"Missing or ambiguous input: Position,PassRole",Auxiliary,"Missing or ambiguous input: Position,PassRole",AH36,MAG 136,Single-V Butt Joint,False,Position,,D,Useful target value exists but one or two required context fields are missing,,Pending,SRC-007,Finite Element Analysis of Residual Stresses in Gas Metal Arc Welded AH36 Shipbuilding Steel Joints: A Combined Experimental and Numerical Investigation,False,Missing project scope fields: Position; Missing or ambiguous PassRole; EvidenceLevel D is not eligible for supervised training,False,Missing project scope fields: Position; Missing or ambiguous PassRole; EvidenceLevel D is not eligible for supervised training,False,Missing project scope fields: Position; Missing or ambiguous PassRole; EvidenceLevel D is not eligible for supervised training
P16-45D-ROOT,AH36-16-45D-001,S2 / Root,1.0,,打底,,MAG 136,180.0,190.0,,21.0,22.0,,80.0,100.0,,,,,,15.0,20.0,,,,,,,,专利工艺范围,已核验专利公开文本,待审核,"CN122625757A [0007]-[0008], [0021]-[0022]：根焊180–190A，21–22V，8–10cm/min，CO₂ 15–20L/min，干伸长10–15mm。",10.0,15.0,,20,16mm 45°斜立对接MAG工艺专利Case,专利工艺Case,AH36,16,对接,V型,,5.0,,,,1.0,CO₂单面陶瓷衬垫,45°斜立对接（向上）,MAG（药芯焊丝/CO₂；按ISO 4063映射为136）,136.0,Φ1.2 mm 71类药芯焊丝,1.2,CO₂,15.0,20.0,,,,,,,是,根焊/填充/盖面参数范围完整；填充层道数随坡口宽度变化,已核验专利公开文本,待审核,中,CN122625757A – Welding method for butt joint at 45° position,专利公开文本（英文索引页）,https://eureka.patsnap.com/patent/CN122625757A,"Description [0005]–[0012], [0017]–[0028]",原文为AH36 300×200×16 mm；根部间隙4–6 mm，本表仅在Case层记录代表值5 mm，同时逐道参数保留原范围；原文写V型坡口单边20°，未自行换算成总夹角。,原文给单边角度,20.0,10,P16-45D-ROOT,P16-45D-ROOT,Root,1.0,Source role,16.0,5.0,,Inclined45Up,https://eureka.patsnap.com/patent/CN122625757A,False,,,False,Missing or ambiguous input: GrooveAngle; Not an eligible experimental point; Missing target,,,False,Missing or ambiguous input: GrooveAngle; Not an eligible experimental point; Missing target,,,False,Missing or ambiguous input: GrooveAngle; Not an eligible experimental point; Missing target,Constraint,Missing or ambiguous input: GrooveAngle; Not an eligible experimental point,AH36,MAG 136,Single-V Butt Joint,False,GrooveAngle,Position,E,Known project identity or geometry is incompatible with V0.2 scope,,Pending,SRC-003,CN122625757A – Welding method for butt joint at 45° position,False,Missing project scope fields: GrooveAngle; Outside project scope: Position; EvidenceLevel E is not eligible for supervised training; Missing or invalid target,False,Missing project scope fields: GrooveAngle; Outside project scope: Position; EvidenceLevel E is not eligible for supervised training; Missing or invalid target,False,Missing project scope fields: GrooveAngle; Outside project scope: Position; EvidenceLevel E is not eligible for supervised training; Missing or invalid target
P16-45D-FILL,AH36-16-45D-001,S3 / Fill,,,填充,,MAG 136,200.0,220.0,,23.0,24.0,,,,,,,,,15.0,20.0,,,,,,,,专利工艺范围,已核验专利公开文本,待审核,"CN122625757A [0009]-[0010], [0023]-[0025]：填充200–220A，23–24V；气体流量和干伸长与根焊一致；层/道数依据厚度与坡口宽度确定。",10.0,15.0,,21,16mm 45°斜立对接MAG工艺专利Case,专利工艺Case,AH36,16,对接,V型,,5.0,,,,1.0,CO₂单面陶瓷衬垫,45°斜立对接（向上）,MAG（药芯焊丝/CO₂；按ISO 4063映射为136）,136.0,Φ1.2 mm 71类药芯焊丝,1.2,CO₂,15.0,20.0,,,,,,,是,根焊/填充/盖面参数范围完整；填充层道数随坡口宽度变化,已核验专利公开文本,待审核,中,CN122625757A – Welding method for butt joint at 45° position,专利公开文本（英文索引页）,https://eureka.patsnap.com/patent/CN122625757A,"Description [0005]–[0012], [0017]–[0028]",原文为AH36 300×200×16 mm；根部间隙4–6 mm，本表仅在Case层记录代表值5 mm，同时逐道参数保留原范围；原文写V型坡口单边20°，未自行换算成总夹角。,原文给单边角度,20.0,10,P16-45D-FILL,P16-45D-FILL,Fill,1.0,Source role,16.0,5.0,,Inclined45Up,https://eureka.patsnap.com/patent/CN122625757A,False,,,False,Missing or ambiguous input: GrooveAngle; Not an eligible experimental point; Missing target,,,False,Missing or ambiguous input: GrooveAngle; Not an eligible experimental point; Missing target,,,False,Missing or ambiguous input: GrooveAngle; Not an eligible experimental point; Missing target,Constraint,Missing or ambiguous input: GrooveAngle; Not an eligible experimental point,AH36,MAG 136,Single-V Butt Joint,False,GrooveAngle,Position,E,Known project identity or geometry is incompatible with V0.2 scope,,Pending,SRC-003,CN122625757A – Welding method for butt joint at 45° position,False,Missing project scope fields: GrooveAngle; Outside project scope: Position; EvidenceLevel E is not eligible for supervised training; Missing or invalid target,False,Missing project scope fields: GrooveAngle; Outside project scope: Position; EvidenceLevel E is not eligible for supervised training; Missing or invalid target,False,Missing project scope fields: GrooveAngle; Outside project scope: Position; EvidenceLevel E is not eligible for supervised training; Missing or invalid target
P16-45D-CAP,AH36-16-45D-001,S4 / Cap,,,盖面,,MAG 136,190.0,200.0,,22.0,23.0,,70.0,90.0,,,,,,15.0,20.0,,,,,,,,专利工艺范围,已核验专利公开文本,待审核,"CN122625757A [0011]-[0012], [0026]-[0028]：盖面190–200A，22–23V，7–9cm/min；气体流量和干伸长同根焊；坡口宽度>15mm时采用多道盖面。",10.0,15.0,,22,16mm 45°斜立对接MAG工艺专利Case,专利工艺Case,AH36,16,对接,V型,,5.0,,,,1.0,CO₂单面陶瓷衬垫,45°斜立对接（向上）,MAG（药芯焊丝/CO₂；按ISO 4063映射为136）,136.0,Φ1.2 mm 71类药芯焊丝,1.2,CO₂,15.0,20.0,,,,,,,是,根焊/填充/盖面参数范围完整；填充层道数随坡口宽度变化,已核验专利公开文本,待审核,中,CN122625757A – Welding method for butt joint at 45° position,专利公开文本（英文索引页）,https://eureka.patsnap.com/patent/CN122625757A,"Description [0005]–[0012], [0017]–[0028]",原文为AH36 300×200×16 mm；根部间隙4–6 mm，本表仅在Case层记录代表值5 mm，同时逐道参数保留原范围；原文写V型坡口单边20°，未自行换算成总夹角。,原文给单边角度,20.0,10,P16-45D-CAP,P16-45D-CAP,Cap,1.0,Source role,16.0,5.0,,Inclined45Up,https://eureka.patsnap.com/patent/CN122625757A,False,,,False,Missing or ambiguous input: GrooveAngle; Not an eligible experimental point; Missing target,,,False,Missing or ambiguous input: GrooveAngle; Not an eligible experimental point; Missing target,,,False,Missing or ambiguous input: GrooveAngle; Not an eligible experimental point; Missing target,Constraint,Missing or ambiguous input: GrooveAngle; Not an eligible experimental point,AH36,MAG 136,Single-V Butt Joint,False,GrooveAngle,Position,E,Known project identity or geometry is incompatible with V0.2 scope,,Pending,SRC-003,CN122625757A – Welding method for butt joint at 45° position,False,Missing project scope fields: GrooveAngle; Outside project scope: Position; EvidenceLevel E is not eligible for supervised training; Missing or invalid target,False,Missing project scope fields: GrooveAngle; Outside project scope: Position; EvidenceLevel E is not eligible for supervised training; Missing or invalid target,False,Missing project scope fields: GrooveAngle; Outside project scope: Position; EvidenceLevel E is not eligible for supervised training; Missing or invalid target
P14UT-01,AH36-14-UT-001,Pass 1,,,第一道,,MAG 136（标准化记录）,170.0,170.0,170.0,25.4,25.4,25.4,150.0,150.0,150.0,15.0,,,,15.0,25.0,,,,,,,,同行评议实验参数,已核验同行评议原文,否,"ScienceDirect/JMRT Table 2：Pass 1 = 170 A, 25.4 V, 2.5 mm/s (=150 mm/min), gas flow 15–25 L/min。14 mm厚侧与6 mm薄侧不等厚对接。",,,,23,14mm/6mm不等厚AH36对接实验参考,同行评议不等厚对接参考,AH36,14,对接,不等厚对接坡口,50.0,6.0,,,,,,,MAG（药芯焊丝/CO₂；原文称CO₂ gas arc welding）,136.0,GFL-71,1.2,CO₂,15.0,25.0,,,,,,2.0,是,两道焊；Pass 1参数完整，Pass 2当前公开表格可核验电流/电压,已核验同行评议原文,否,高,Numerical simulation of local cooling on residual stress and deformation of welded joints of unequal thickness plates,同行评议开放获取论文,https://www.sciencedirect.com/science/article/pii/S2238785425012128,Section 2 Experimental procedures; Table 2 Processing parameters,厚侧14 mm、薄侧6 mm，属于不等厚AH36对接；坡口角50°、间隙6 mm、GFL-71 Φ1.2 mm、CO₂。由于并非14+14 mm同厚板且原文公开文本未明确PA/1G位置，暂不进入第一版训练集。,原文表述为angle of the groove，未进一步拆分单边角,,11,P14UT-01,P14UT-01,,1.0,Source role,14.0,6.0,,,https://www.sciencedirect.com/science/article/pii/S2238785425012128,False,170.0,170.0,False,"Source explicitly excludes training; Missing or ambiguous input: GrooveAngle,Position,PassRole",25.4,25.4,False,"Source explicitly excludes training; Missing or ambiguous input: GrooveAngle,Position,PassRole",150.0,150.0,False,"Source explicitly excludes training; Missing or ambiguous input: GrooveAngle,Position,PassRole",Auxiliary,"Source explicitly excludes training; Missing or ambiguous input: GrooveAngle,Position,PassRole",AH36,MAG 136,Unequal-thickness Butt Joint,False,"Position, GrooveAngle",JointType,E,Known project identity or geometry is incompatible with V0.2 scope,,Pending,SRC-009,Numerical simulation of local cooling on residual stress and deformation of welded joints of unequal thickness plates,False,"Missing project scope fields: Position,GrooveAngle; Outside project scope: JointType; Missing or ambiguous PassRole; EvidenceLevel E is not eligible for supervised training; Source explicitly excludes training",False,"Missing project scope fields: Position,GrooveAngle; Outside project scope: JointType; Missing or ambiguous PassRole; EvidenceLevel E is not eligible for supervised training; Source explicitly excludes training",False,"Missing project scope fields: Position,GrooveAngle; Outside project scope: JointType; Missing or ambiguous PassRole; EvidenceLevel E is not eligible for supervised training; Source explicitly excludes training"
P14UT-02,AH36-14-UT-001,Pass 2,,,第二道,,MAG 136（标准化记录）,220.0,220.0,220.0,25.0,25.0,25.0,,,,,,,,,,,,,,,,,同行评议实验参数（部分字段公开文本未完整显示）,已核验同行评议原文,否,"ScienceDirect/JMRT Table 2当前可检索文本明确Pass 2 = 220 A, 25 V；焊速与气体流量列未完整显示，因此保持空白，不推测。",,,,24,14mm/6mm不等厚AH36对接实验参考,同行评议不等厚对接参考,AH36,14,对接,不等厚对接坡口,50.0,6.0,,,,,,,MAG（药芯焊丝/CO₂；原文称CO₂ gas arc welding）,136.0,GFL-71,1.2,CO₂,15.0,25.0,,,,,,2.0,是,两道焊；Pass 1参数完整，Pass 2当前公开表格可核验电流/电压,已核验同行评议原文,否,高,Numerical simulation of local cooling on residual stress and deformation of welded joints of unequal thickness plates,同行评议开放获取论文,https://www.sciencedirect.com/science/article/pii/S2238785425012128,Section 2 Experimental procedures; Table 2 Processing parameters,厚侧14 mm、薄侧6 mm，属于不等厚AH36对接；坡口角50°、间隙6 mm、GFL-71 Φ1.2 mm、CO₂。由于并非14+14 mm同厚板且原文公开文本未明确PA/1G位置，暂不进入第一版训练集。,原文表述为angle of the groove，未进一步拆分单边角,,11,P14UT-02,P14UT-02,,1.0,Source role,14.0,6.0,,,https://www.sciencedirect.com/science/article/pii/S2238785425012128,False,220.0,220.0,False,"Source explicitly excludes training; Missing or ambiguous input: GrooveAngle,Position,PassRole; Not an eligible experimental point",25.0,25.0,False,"Source explicitly excludes training; Missing or ambiguous input: GrooveAngle,Position,PassRole; Not an eligible experimental point",,,False,"Source explicitly excludes training; Missing or ambiguous input: GrooveAngle,Position,PassRole; Not an eligible experimental point; Missing target",Auxiliary,"Source explicitly excludes training; Missing or ambiguous input: GrooveAngle,Position,PassRole; Not an eligible experimental point",AH36,MAG 136,Unequal-thickness Butt Joint,False,"Position, GrooveAngle",JointType,E,Known project identity or geometry is incompatible with V0.2 scope,,Pending,SRC-009,Numerical simulation of local cooling on residual stress and deformation of welded joints of unequal thickness plates,False,"Missing project scope fields: Position,GrooveAngle; Outside project scope: JointType; Missing or ambiguous PassRole; EvidenceLevel E is not eligible for supervised training; Source explicitly excludes training",False,"Missing project scope fields: Position,GrooveAngle; Outside project scope: JointType; Missing or ambiguous PassRole; EvidenceLevel E is not eligible for supervised training; Source explicitly excludes training",False,"Missing project scope fields: Position,GrooveAngle; Outside project scope: JointType; Missing or ambiguous PassRole; EvidenceLevel E is not eligible for supervised training; Source explicitly excludes training; Missing or invalid target"
P16HYB-TACK,AH36-16-1G-HYB-001,FCAW Tack Weld,,,点固/辅助焊,,MAG 136（源WPS术语FCAW）,185.0,220.0,,24.0,26.0,,165.0,210.0,,,,,,20.0,25.0,,20.0,25.0,,,,,船厂WPS范围,已核验公开WPS文本,否,"Sembcorp WPS SAW-1G-80 Rev.06：FCAW tack weld, Supercored 71H Ø1.2, 185–220 A, 24–26 V, DCEP, 165–210 mm/min, heat input 1.27–2.08 kJ/mm；100% CO₂ 20–25 L/min；CTWD 20–25 mm。主体焊为SAW。",,,,25,16mm起始厚度1G MAG+SAW船厂WPS参考,1G混合工艺WPS参考,AH36,16,Plate to Plate,V型（按WPS图示）,,,5.0,10.0,,2.0,无；要求背面清根,1G / 1F,MAG点固/辅助焊（136）+ SAW主体焊,136.0,Hyundai Supercored 71H / AWS A5.36 E71T1-C1A4-CS1,1.2,100% CO₂,20.0,25.0,,DCEP,,,,,否,WPS厚度范围从16 mm起；1G；MAG部分仅给点固/辅助焊参数，主体为SAW,已核验公开WPS文本,否,中,Sembcorp Marine Integrated Yard WPS SAW-1G-80 Rev.06,船厂WPS公开副本,https://www.scribd.com/document/958001504/Shell-Sparta-All-Wps-Saw,WPS SAW-1G-80 Rev.06; Joint Details; Gas; Filler Material,WPS适用材料包含ABS AH36，位置1G/1F，厚度范围16 mm至更厚；坡口Bevel Angle≥40°、Root Face 5–10 mm、Root Gap 0–2 mm，CTWD 20–25 mm。MAG/FCAW部分为点固/辅助焊，主体焊接为SAW，所以只作为16 mm PA/1G真实船厂WPS参考，不进入全MAG训练。,原文Bevel Angle≥40°；Root Gap 0–2 mm；不转换成单一精确值,,12,P16HYB-TACK,P16HYB-TACK,,1.0,Source role,16.0,,,,https://www.scribd.com/document/958001504/Shell-Sparta-All-Wps-Saw,False,,,False,"Source explicitly excludes training; Missing or ambiguous input: GrooveAngle,RootGap,Position,PassRole; Not an eligible experimental point; Missing target",,,False,"Source explicitly excludes training; Missing or ambiguous input: GrooveAngle,RootGap,Position,PassRole; Not an eligible experimental point; Missing target",,,False,"Source explicitly excludes training; Missing or ambiguous input: GrooveAngle,RootGap,Position,PassRole; Not an eligible experimental point; Missing target",Constraint,"Source explicitly excludes training; Missing or ambiguous input: GrooveAngle,RootGap,Position,PassRole; Not an eligible experimental point",AH36,Mixed MAG/SAW,Single-V Butt Joint,False,"Position, GrooveAngle, RootGap",Process,E,Known project identity or geometry is incompatible with V0.2 scope,,Pending,SRC-011,Sembcorp Marine Integrated Yard WPS SAW-1G-80 Rev.06,False,"Missing project scope fields: Position,GrooveAngle,RootGap; Outside project scope: Process; Missing or ambiguous PassRole; EvidenceLevel E is not eligible for supervised training; Source explicitly excludes training; Missing or invalid target",False,"Missing project scope fields: Position,GrooveAngle,RootGap; Outside project scope: Process; Missing or ambiguous PassRole; EvidenceLevel E is not eligible for supervised training; Source explicitly excludes training; Missing or invalid target",False,"Missing project scope fields: Position,GrooveAngle,RootGap; Outside project scope: Process; Missing or ambiguous PassRole; EvidenceLevel E is not eligible for supervised training; Source explicitly excludes training; Missing or invalid target"
P10CN-R1,AH36-10-PA-CN-001,1#,1.0,,打底对比工况1,,CO₂半自动焊（焊丝类型待核验）,180.0,180.0,180.0,23.0,23.0,23.0,128.58,128.58,128.58,12.858,,,,,,,,,,,1.54,原文15.4 kJ/cm换算,等热输入打底对比工况,已核验中文期刊原文,否,《电焊机》2022 52(7)表1：1# 180 A、23 V、2.143 mm/s（128.58 mm/min），热输入15.4 kJ/cm；摆动宽度6 mm。,,,,26,10mm AH36平对接CO₂陶瓷衬垫打底对比试验,中文同行评议打底工艺Case,AH36,10,平对接,V型,45.0,6.0,,,,,陶瓷衬垫,平对接,CO₂半自动焊（原文未明确药芯/实芯焊丝类型）,,,,CO₂,,,,,,,1.0,1.0,否,同一打底层3组等热输入对比工况；电流、电压、速度完整,已核验中文期刊原文,否,高,高强钢CO₂焊打底层焊缝有限元分析,《电焊机》同行评议期刊论文,https://www.71dhj.com/zh/issue/2022/7/,"2022, 52(7):84-92；1.1试验材料；1.2焊接方法及参数；表1",明确为10 mm AH36平对接、45°坡口、6 mm间隙、CO₂陶瓷衬垫打底。论文未在可核验文本中明确焊丝类别/牌号，因此不直接认定为MAG 136训练样本；可用于10 mm根焊参数与热输入参考。,原文写坡口角度45°，未进一步说明单边/总夹角,,13,P10CN-R1,P10CN-R1,Root,1.0,Source role,10.0,6.0,,PA,https://www.71dhj.com/zh/issue/2022/7/,False,180.0,180.0,False,Material/process not confirmed AH36/136; Source explicitly excludes training; Missing or ambiguous input: GrooveAngle; Not an eligible experimental point,23.0,23.0,False,Material/process not confirmed AH36/136; Source explicitly excludes training; Missing or ambiguous input: GrooveAngle; Not an eligible experimental point,128.58,128.58,False,Material/process not confirmed AH36/136; Source explicitly excludes training; Missing or ambiguous input: GrooveAngle; Not an eligible experimental point,Auxiliary,Material/process not confirmed AH36/136; Source explicitly excludes training; Missing or ambiguous input: GrooveAngle; Not an eligible experimental point,AH36,,Single-V Butt Joint,False,"Process, GrooveAngle",,D,Useful target value exists but one or two required context fields are missing,,Pending,SRC-005,高强钢CO₂焊打底层焊缝有限元分析,False,"Missing project scope fields: Process,GrooveAngle; EvidenceLevel D is not eligible for supervised training; Source explicitly excludes training",False,"Missing project scope fields: Process,GrooveAngle; EvidenceLevel D is not eligible for supervised training; Source explicitly excludes training",False,"Missing project scope fields: Process,GrooveAngle; EvidenceLevel D is not eligible for supervised training; Source explicitly excludes training"
P10CN-R2,AH36-10-PA-CN-001,2#,1.0,,打底对比工况2,,CO₂半自动焊（焊丝类型待核验）,240.0,240.0,240.0,28.0,28.0,28.0,209.28,209.28,209.28,20.928,,,,,,,,,,,1.54,原文15.4 kJ/cm换算,等热输入打底对比工况,已核验中文期刊原文,否,《电焊机》2022 52(7)表1：2# 240 A、28 V、3.488 mm/s（209.28 mm/min），热输入15.4 kJ/cm。,,,,27,10mm AH36平对接CO₂陶瓷衬垫打底对比试验,中文同行评议打底工艺Case,AH36,10,平对接,V型,45.0,6.0,,,,,陶瓷衬垫,平对接,CO₂半自动焊（原文未明确药芯/实芯焊丝类型）,,,,CO₂,,,,,,,1.0,1.0,否,同一打底层3组等热输入对比工况；电流、电压、速度完整,已核验中文期刊原文,否,高,高强钢CO₂焊打底层焊缝有限元分析,《电焊机》同行评议期刊论文,https://www.71dhj.com/zh/issue/2022/7/,"2022, 52(7):84-92；1.1试验材料；1.2焊接方法及参数；表1",明确为10 mm AH36平对接、45°坡口、6 mm间隙、CO₂陶瓷衬垫打底。论文未在可核验文本中明确焊丝类别/牌号，因此不直接认定为MAG 136训练样本；可用于10 mm根焊参数与热输入参考。,原文写坡口角度45°，未进一步说明单边/总夹角,,13,P10CN-R2,P10CN-R2,Root,1.0,Source role,10.0,6.0,,PA,https://www.71dhj.com/zh/issue/2022/7/,False,240.0,240.0,False,Material/process not confirmed AH36/136; Source explicitly excludes training; Missing or ambiguous input: GrooveAngle; Not an eligible experimental point,28.0,28.0,False,Material/process not confirmed AH36/136; Source explicitly excludes training; Missing or ambiguous input: GrooveAngle; Not an eligible experimental point,209.28,209.28,False,Material/process not confirmed AH36/136; Source explicitly excludes training; Missing or ambiguous input: GrooveAngle; Not an eligible experimental point,Auxiliary,Material/process not confirmed AH36/136; Source explicitly excludes training; Missing or ambiguous input: GrooveAngle; Not an eligible experimental point,AH36,,Single-V Butt Joint,False,"Process, GrooveAngle",,D,Useful target value exists but one or two required context fields are missing,,Pending,SRC-005,高强钢CO₂焊打底层焊缝有限元分析,False,"Missing project scope fields: Process,GrooveAngle; EvidenceLevel D is not eligible for supervised training; Source explicitly excludes training",False,"Missing project scope fields: Process,GrooveAngle; EvidenceLevel D is not eligible for supervised training; Source explicitly excludes training",False,"Missing project scope fields: Process,GrooveAngle; EvidenceLevel D is not eligible for supervised training; Source explicitly excludes training"
P10CN-R3,AH36-10-PA-CN-001,3#,1.0,,打底对比工况3,,CO₂半自动焊（焊丝类型待核验）,300.0,300.0,300.0,32.0,32.0,32.0,300.0,300.0,300.0,30.0,,,,,,,,,,,1.54,原文15.4 kJ/cm换算,等热输入打底对比工况,已核验中文期刊原文,否,《电焊机》2022 52(7)表1：3# 300 A、32 V、5.0 mm/s（300 mm/min），热输入15.4 kJ/cm。,,,,28,10mm AH36平对接CO₂陶瓷衬垫打底对比试验,中文同行评议打底工艺Case,AH36,10,平对接,V型,45.0,6.0,,,,,陶瓷衬垫,平对接,CO₂半自动焊（原文未明确药芯/实芯焊丝类型）,,,,CO₂,,,,,,,1.0,1.0,否,同一打底层3组等热输入对比工况；电流、电压、速度完整,已核验中文期刊原文,否,高,高强钢CO₂焊打底层焊缝有限元分析,《电焊机》同行评议期刊论文,https://www.71dhj.com/zh/issue/2022/7/,"2022, 52(7):84-92；1.1试验材料；1.2焊接方法及参数；表1",明确为10 mm AH36平对接、45°坡口、6 mm间隙、CO₂陶瓷衬垫打底。论文未在可核验文本中明确焊丝类别/牌号，因此不直接认定为MAG 136训练样本；可用于10 mm根焊参数与热输入参考。,原文写坡口角度45°，未进一步说明单边/总夹角,,13,P10CN-R3,P10CN-R3,Root,1.0,Source role,10.0,6.0,,PA,https://www.71dhj.com/zh/issue/2022/7/,False,300.0,300.0,False,Material/process not confirmed AH36/136; Source explicitly excludes training; Missing or ambiguous input: GrooveAngle; Not an eligible experimental point,32.0,32.0,False,Material/process not confirmed AH36/136; Source explicitly excludes training; Missing or ambiguous input: GrooveAngle; Not an eligible experimental point,300.0,300.0,False,Material/process not confirmed AH36/136; Source explicitly excludes training; Missing or ambiguous input: GrooveAngle; Not an eligible experimental point,Auxiliary,Material/process not confirmed AH36/136; Source explicitly excludes training; Missing or ambiguous input: GrooveAngle; Not an eligible experimental point,AH36,,Single-V Butt Joint,False,"Process, GrooveAngle",,D,Useful target value exists but one or two required context fields are missing,,Pending,SRC-005,高强钢CO₂焊打底层焊缝有限元分析,False,"Missing project scope fields: Process,GrooveAngle; EvidenceLevel D is not eligible for supervised training; Source explicitly excludes training",False,"Missing project scope fields: Process,GrooveAngle; EvidenceLevel D is not eligible for supervised training; Source explicitly excludes training",False,"Missing project scope fields: Process,GrooveAngle; EvidenceLevel D is not eligible for supervised training; Source explicitly excludes training"
P14CN-ALL,AH36-14-CN-001,整体范围,,,多层焊整体工艺范围,,MAG 136（CO₂药芯焊丝）,180.0,230.0,,28.0,32.0,,174.0,264.0,,,,,,,,,,,,,,,同行评议实验整体范围,已核验中文期刊原文,否,《船舶力学》2025 29(8) 2.1：电流180–230 A，电压28–32 V，速度2.9–4.4 mm/s（174–264 mm/min）；未按道次拆分。,,,,29,14mm AH36 CO₂药芯焊丝单面焊双面成形试验,中文同行评议实验Case,AH36,14,对接,V型,60.0,5.0,,,,1.0,陶瓷衬垫,,CO₂气体保护药芯焊丝焊（标准化归入MAG 136）,136.0,YC-YJ502（Q）药芯焊丝,1.2,CO₂,,,,,,200.0,,,是,整体工艺范围完整，但原文未逐道拆分电流/电压/速度，焊接位置未明确,已核验中文期刊原文,否,高,基于电磁感应加热的船用中厚板对接接头变形背烧矫正机理研究,《船舶力学》同行评议期刊论文,https://castjournals.cast.org.cn/joweb/cblx/CN/1243896233287332049,"2025,29(8):1288-1298；2.1 AH36钢对接焊及背烧试验",400×400×14 mm AH36；60°坡口、5 mm间隙；Φ1.2 mm YC-YJ502(Q)药芯焊丝；陶瓷衬垫单面焊双面成形；层间温度150–200℃；电流180–230 A、电压28–32 V、速度2.9–4.4 mm/s。原文未明确焊接位置，因此暂不进入PA/1G首版训练。,原文写坡口角度60°，按原文值保存,,14,P14CN-ALL,P14CN-ALL,,1.0,Source role,14.0,5.0,,,https://castjournals.cast.org.cn/joweb/cblx/CN/1243896233287332049,False,,,False,"Source explicitly excludes training; Missing or ambiguous input: GrooveAngle,Position,PassRole; Not an eligible experimental point; Missing target",,,False,"Source explicitly excludes training; Missing or ambiguous input: GrooveAngle,Position,PassRole; Not an eligible experimental point; Missing target",,,False,"Source explicitly excludes training; Missing or ambiguous input: GrooveAngle,Position,PassRole; Not an eligible experimental point; Missing target",Constraint,"Source explicitly excludes training; Missing or ambiguous input: GrooveAngle,Position,PassRole; Not an eligible experimental point",AH36,MAG 136,Single-V Butt Joint,False,"Position, GrooveAngle",,C,Range or window retained for Constraint Check only,,Pending,SRC-001,基于电磁感应加热的船用中厚板对接接头变形背烧矫正机理研究,False,"Missing project scope fields: Position,GrooveAngle; Missing or ambiguous PassRole; EvidenceLevel C is not eligible for supervised training; Source explicitly excludes training; Missing or invalid target",False,"Missing project scope fields: Position,GrooveAngle; Missing or ambiguous PassRole; EvidenceLevel C is not eligible for supervised training; Source explicitly excludes training; Missing or invalid target",False,"Missing project scope fields: Position,GrooveAngle; Missing or ambiguous PassRole; EvidenceLevel C is not eligible for supervised training; Source explicitly excludes training; Missing or invalid target"
P12UNESA-40-ALL,AH36-12-1G-40-UNESA,全过程固定电参,,,Root/Fill/Cap共用固定电流电压,,MAG 136（源文术语FCAW）,190.0,190.0,190.0,33.0,33.0,33.0,,,,,,,,,,,,,,,,,实验控制参数,已核验公开论文原文,待审核,UNESA JTM 2026：40° Single-V；AH36 12 mm；1G；100% CO₂；E71T-1C Ø1.2；190 A、33 V、DC+。论文未报告焊速、气流与WFS。root 4 mm，fill 6 mm分2层，cap 2 mm。,,,,30,12mm AH36 1G 单V 40° FCAW实验,公开期刊/高校实验Case,AH36,12,对接,Single V,40.0,5.0,,,,1.0,陶瓷衬垫（本项目后续不作为筛选条件）,1G (flat),FCAW，标准化归入MAG 136,136.0,AWS E71T-1C,1.2,100% CO₂,,,,DC+,,,4.0,,部分,1G核心工况高度匹配；给出电流、电压、极性、层厚结构；未报告焊速、气体流量和送丝速度,已核验公开论文原文,待审核,高,Analisis Pengaruh Variasi Sudut Kampuh Single V Joint Pengelasan FCAW Terhadap Sifat Mekanik Baja AH36,"Universitas Negeri Surabaya, JTM Vol.15 No.02 (2026)",https://ejournal.unesa.ac.id/index.php/jtm-unesa/article/view/79008/55323,"Variabel Kontrol, lines 170–187；结果部分",原文固定AH36 12 mm、1G、单面焊、gap 5 mm、100% CO₂、E71T-1C Ø1.2 mm、190 A、33 V、DC+。root厚4 mm；fill总厚6 mm分2层各3 mm；cap厚2 mm。50°组的力学性能最佳。由于未给焊速/气流/WFS，暂不作为完整参数输出模型的独立训练Case。,Single V总夹角（按论文变量定义保存）,,15,P12UNESA-40-ALL,P12UNESA-40-ALL,Root,0.3333333333333333,Explicit shared setting,12.0,5.0,40.0,PA,https://ejournal.unesa.ac.id/index.php/jtm-unesa/article/view/79008/55323,False,190.0,190.0,True,,33.0,33.0,True,,,,False,Missing target,TrainableResearch,,AH36,MAG 136,Single-V Butt Joint,True,,,A,Measured or experimental setting with traceable source metadata,,Pending,SRC-002,Analisis Pengaruh Variasi Sudut Kampuh Single V Joint Pengelasan FCAW Terhadap Sifat Mekanik Baja AH36,True,,True,,False,Missing or invalid target
P12UNESA-40-ALL,AH36-12-1G-40-UNESA,全过程固定电参,,,Root/Fill/Cap共用固定电流电压,,MAG 136（源文术语FCAW）,190.0,190.0,190.0,33.0,33.0,33.0,,,,,,,,,,,,,,,,,实验控制参数,已核验公开论文原文,待审核,UNESA JTM 2026：40° Single-V；AH36 12 mm；1G；100% CO₂；E71T-1C Ø1.2；190 A、33 V、DC+。论文未报告焊速、气流与WFS。root 4 mm，fill 6 mm分2层，cap 2 mm。,,,,30,12mm AH36 1G 单V 40° FCAW实验,公开期刊/高校实验Case,AH36,12,对接,Single V,40.0,5.0,,,,1.0,陶瓷衬垫（本项目后续不作为筛选条件）,1G (flat),FCAW，标准化归入MAG 136,136.0,AWS E71T-1C,1.2,100% CO₂,,,,DC+,,,4.0,,部分,1G核心工况高度匹配；给出电流、电压、极性、层厚结构；未报告焊速、气体流量和送丝速度,已核验公开论文原文,待审核,高,Analisis Pengaruh Variasi Sudut Kampuh Single V Joint Pengelasan FCAW Terhadap Sifat Mekanik Baja AH36,"Universitas Negeri Surabaya, JTM Vol.15 No.02 (2026)",https://ejournal.unesa.ac.id/index.php/jtm-unesa/article/view/79008/55323,"Variabel Kontrol, lines 170–187；结果部分",原文固定AH36 12 mm、1G、单面焊、gap 5 mm、100% CO₂、E71T-1C Ø1.2 mm、190 A、33 V、DC+。root厚4 mm；fill总厚6 mm分2层各3 mm；cap厚2 mm。50°组的力学性能最佳。由于未给焊速/气流/WFS，暂不作为完整参数输出模型的独立训练Case。,Single V总夹角（按论文变量定义保存）,,15,P12UNESA-40-ALL,P12UNESA-40-ALL,Fill,0.3333333333333333,Explicit shared setting,12.0,5.0,40.0,PA,https://ejournal.unesa.ac.id/index.php/jtm-unesa/article/view/79008/55323,False,190.0,190.0,True,,33.0,33.0,True,,,,False,Missing target,TrainableResearch,,AH36,MAG 136,Single-V Butt Joint,True,,,A,Measured or experimental setting with traceable source metadata,,Pending,SRC-002,Analisis Pengaruh Variasi Sudut Kampuh Single V Joint Pengelasan FCAW Terhadap Sifat Mekanik Baja AH36,True,,True,,False,Missing or invalid target
P12UNESA-40-ALL,AH36-12-1G-40-UNESA,全过程固定电参,,,Root/Fill/Cap共用固定电流电压,,MAG 136（源文术语FCAW）,190.0,190.0,190.0,33.0,33.0,33.0,,,,,,,,,,,,,,,,,实验控制参数,已核验公开论文原文,待审核,UNESA JTM 2026：40° Single-V；AH36 12 mm；1G；100% CO₂；E71T-1C Ø1.2；190 A、33 V、DC+。论文未报告焊速、气流与WFS。root 4 mm，fill 6 mm分2层，cap 2 mm。,,,,30,12mm AH36 1G 单V 40° FCAW实验,公开期刊/高校实验Case,AH36,12,对接,Single V,40.0,5.0,,,,1.0,陶瓷衬垫（本项目后续不作为筛选条件）,1G (flat),FCAW，标准化归入MAG 136,136.0,AWS E71T-1C,1.2,100% CO₂,,,,DC+,,,4.0,,部分,1G核心工况高度匹配；给出电流、电压、极性、层厚结构；未报告焊速、气体流量和送丝速度,已核验公开论文原文,待审核,高,Analisis Pengaruh Variasi Sudut Kampuh Single V Joint Pengelasan FCAW Terhadap Sifat Mekanik Baja AH36,"Universitas Negeri Surabaya, JTM Vol.15 No.02 (2026)",https://ejournal.unesa.ac.id/index.php/jtm-unesa/article/view/79008/55323,"Variabel Kontrol, lines 170–187；结果部分",原文固定AH36 12 mm、1G、单面焊、gap 5 mm、100% CO₂、E71T-1C Ø1.2 mm、190 A、33 V、DC+。root厚4 mm；fill总厚6 mm分2层各3 mm；cap厚2 mm。50°组的力学性能最佳。由于未给焊速/气流/WFS，暂不作为完整参数输出模型的独立训练Case。,Single V总夹角（按论文变量定义保存）,,15,P12UNESA-40-ALL,P12UNESA-40-ALL,Cap,0.3333333333333333,Explicit shared setting,12.0,5.0,40.0,PA,https://ejournal.unesa.ac.id/index.php/jtm-unesa/article/view/79008/55323,False,190.0,190.0,True,,33.0,33.0,True,,,,False,Missing target,TrainableResearch,,AH36,MAG 136,Single-V Butt Joint,True,,,A,Measured or experimental setting with traceable source metadata,,Pending,SRC-002,Analisis Pengaruh Variasi Sudut Kampuh Single V Joint Pengelasan FCAW Terhadap Sifat Mekanik Baja AH36,True,,True,,False,Missing or invalid target
P12UNESA-50-ALL,AH36-12-1G-50-UNESA,全过程固定电参,,,Root/Fill/Cap共用固定电流电压,,MAG 136（源文术语FCAW）,190.0,190.0,190.0,33.0,33.0,33.0,,,,,,,,,,,,,,,,,实验控制参数,已核验公开论文原文,待审核,UNESA JTM 2026：50° Single-V；AH36 12 mm；1G；100% CO₂；E71T-1C Ø1.2；190 A、33 V、DC+。论文未报告焊速、气流与WFS。root 4 mm，fill 6 mm分2层，cap 2 mm。,,,,31,12mm AH36 1G 单V 50° FCAW实验,公开期刊/高校实验Case,AH36,12,对接,Single V,50.0,5.0,,,,1.0,陶瓷衬垫（本项目后续不作为筛选条件）,1G (flat),FCAW，标准化归入MAG 136,136.0,AWS E71T-1C,1.2,100% CO₂,,,,DC+,,,4.0,,部分,1G核心工况高度匹配；给出电流、电压、极性、层厚结构；未报告焊速、气体流量和送丝速度,已核验公开论文原文,待审核,高,Analisis Pengaruh Variasi Sudut Kampuh Single V Joint Pengelasan FCAW Terhadap Sifat Mekanik Baja AH36,"Universitas Negeri Surabaya, JTM Vol.15 No.02 (2026)",https://ejournal.unesa.ac.id/index.php/jtm-unesa/article/view/79008/55323,"Variabel Kontrol, lines 170–187；结果部分",原文固定AH36 12 mm、1G、单面焊、gap 5 mm、100% CO₂、E71T-1C Ø1.2 mm、190 A、33 V、DC+。root厚4 mm；fill总厚6 mm分2层各3 mm；cap厚2 mm。50°组的力学性能最佳。由于未给焊速/气流/WFS，暂不作为完整参数输出模型的独立训练Case。,Single V总夹角（按论文变量定义保存）,,16,P12UNESA-50-ALL,P12UNESA-50-ALL,Root,0.3333333333333333,Explicit shared setting,12.0,5.0,50.0,PA,https://ejournal.unesa.ac.id/index.php/jtm-unesa/article/view/79008/55323,False,190.0,190.0,True,,33.0,33.0,True,,,,False,Missing target,TrainableResearch,,AH36,MAG 136,Single-V Butt Joint,True,,,A,Measured or experimental setting with traceable source metadata,,Pending,SRC-002,Analisis Pengaruh Variasi Sudut Kampuh Single V Joint Pengelasan FCAW Terhadap Sifat Mekanik Baja AH36,True,,True,,False,Missing or invalid target
P12UNESA-50-ALL,AH36-12-1G-50-UNESA,全过程固定电参,,,Root/Fill/Cap共用固定电流电压,,MAG 136（源文术语FCAW）,190.0,190.0,190.0,33.0,33.0,33.0,,,,,,,,,,,,,,,,,实验控制参数,已核验公开论文原文,待审核,UNESA JTM 2026：50° Single-V；AH36 12 mm；1G；100% CO₂；E71T-1C Ø1.2；190 A、33 V、DC+。论文未报告焊速、气流与WFS。root 4 mm，fill 6 mm分2层，cap 2 mm。,,,,31,12mm AH36 1G 单V 50° FCAW实验,公开期刊/高校实验Case,AH36,12,对接,Single V,50.0,5.0,,,,1.0,陶瓷衬垫（本项目后续不作为筛选条件）,1G (flat),FCAW，标准化归入MAG 136,136.0,AWS E71T-1C,1.2,100% CO₂,,,,DC+,,,4.0,,部分,1G核心工况高度匹配；给出电流、电压、极性、层厚结构；未报告焊速、气体流量和送丝速度,已核验公开论文原文,待审核,高,Analisis Pengaruh Variasi Sudut Kampuh Single V Joint Pengelasan FCAW Terhadap Sifat Mekanik Baja AH36,"Universitas Negeri Surabaya, JTM Vol.15 No.02 (2026)",https://ejournal.unesa.ac.id/index.php/jtm-unesa/article/view/79008/55323,"Variabel Kontrol, lines 170–187；结果部分",原文固定AH36 12 mm、1G、单面焊、gap 5 mm、100% CO₂、E71T-1C Ø1.2 mm、190 A、33 V、DC+。root厚4 mm；fill总厚6 mm分2层各3 mm；cap厚2 mm。50°组的力学性能最佳。由于未给焊速/气流/WFS，暂不作为完整参数输出模型的独立训练Case。,Single V总夹角（按论文变量定义保存）,,16,P12UNESA-50-ALL,P12UNESA-50-ALL,Fill,0.3333333333333333,Explicit shared setting,12.0,5.0,50.0,PA,https://ejournal.unesa.ac.id/index.php/jtm-unesa/article/view/79008/55323,False,190.0,190.0,True,,33.0,33.0,True,,,,False,Missing target,TrainableResearch,,AH36,MAG 136,Single-V Butt Joint,True,,,A,Measured or experimental setting with traceable source metadata,,Pending,SRC-002,Analisis Pengaruh Variasi Sudut Kampuh Single V Joint Pengelasan FCAW Terhadap Sifat Mekanik Baja AH36,True,,True,,False,Missing or invalid target
P12UNESA-50-ALL,AH36-12-1G-50-UNESA,全过程固定电参,,,Root/Fill/Cap共用固定电流电压,,MAG 136（源文术语FCAW）,190.0,190.0,190.0,33.0,33.0,33.0,,,,,,,,,,,,,,,,,实验控制参数,已核验公开论文原文,待审核,UNESA JTM 2026：50° Single-V；AH36 12 mm；1G；100% CO₂；E71T-1C Ø1.2；190 A、33 V、DC+。论文未报告焊速、气流与WFS。root 4 mm，fill 6 mm分2层，cap 2 mm。,,,,31,12mm AH36 1G 单V 50° FCAW实验,公开期刊/高校实验Case,AH36,12,对接,Single V,50.0,5.0,,,,1.0,陶瓷衬垫（本项目后续不作为筛选条件）,1G (flat),FCAW，标准化归入MAG 136,136.0,AWS E71T-1C,1.2,100% CO₂,,,,DC+,,,4.0,,部分,1G核心工况高度匹配；给出电流、电压、极性、层厚结构；未报告焊速、气体流量和送丝速度,已核验公开论文原文,待审核,高,Analisis Pengaruh Variasi Sudut Kampuh Single V Joint Pengelasan FCAW Terhadap Sifat Mekanik Baja AH36,"Universitas Negeri Surabaya, JTM Vol.15 No.02 (2026)",https://ejournal.unesa.ac.id/index.php/jtm-unesa/article/view/79008/55323,"Variabel Kontrol, lines 170–187；结果部分",原文固定AH36 12 mm、1G、单面焊、gap 5 mm、100% CO₂、E71T-1C Ø1.2 mm、190 A、33 V、DC+。root厚4 mm；fill总厚6 mm分2层各3 mm；cap厚2 mm。50°组的力学性能最佳。由于未给焊速/气流/WFS，暂不作为完整参数输出模型的独立训练Case。,Single V总夹角（按论文变量定义保存）,,16,P12UNESA-50-ALL,P12UNESA-50-ALL,Cap,0.3333333333333333,Explicit shared setting,12.0,5.0,50.0,PA,https://ejournal.unesa.ac.id/index.php/jtm-unesa/article/view/79008/55323,False,190.0,190.0,True,,33.0,33.0,True,,,,False,Missing target,TrainableResearch,,AH36,MAG 136,Single-V Butt Joint,True,,,A,Measured or experimental setting with traceable source metadata,,Pending,SRC-002,Analisis Pengaruh Variasi Sudut Kampuh Single V Joint Pengelasan FCAW Terhadap Sifat Mekanik Baja AH36,True,,True,,False,Missing or invalid target
P12UNESA-60-ALL,AH36-12-1G-60-UNESA,全过程固定电参,,,Root/Fill/Cap共用固定电流电压,,MAG 136（源文术语FCAW）,190.0,190.0,190.0,33.0,33.0,33.0,,,,,,,,,,,,,,,,,实验控制参数,已核验公开论文原文,待审核,UNESA JTM 2026：60° Single-V；AH36 12 mm；1G；100% CO₂；E71T-1C Ø1.2；190 A、33 V、DC+。论文未报告焊速、气流与WFS。root 4 mm，fill 6 mm分2层，cap 2 mm。,,,,32,12mm AH36 1G 单V 60° FCAW实验,公开期刊/高校实验Case,AH36,12,对接,Single V,60.0,5.0,,,,1.0,陶瓷衬垫（本项目后续不作为筛选条件）,1G (flat),FCAW，标准化归入MAG 136,136.0,AWS E71T-1C,1.2,100% CO₂,,,,DC+,,,4.0,,部分,1G核心工况高度匹配；给出电流、电压、极性、层厚结构；未报告焊速、气体流量和送丝速度,已核验公开论文原文,待审核,高,Analisis Pengaruh Variasi Sudut Kampuh Single V Joint Pengelasan FCAW Terhadap Sifat Mekanik Baja AH36,"Universitas Negeri Surabaya, JTM Vol.15 No.02 (2026)",https://ejournal.unesa.ac.id/index.php/jtm-unesa/article/view/79008/55323,"Variabel Kontrol, lines 170–187；结果部分",原文固定AH36 12 mm、1G、单面焊、gap 5 mm、100% CO₂、E71T-1C Ø1.2 mm、190 A、33 V、DC+。root厚4 mm；fill总厚6 mm分2层各3 mm；cap厚2 mm。50°组的力学性能最佳。由于未给焊速/气流/WFS，暂不作为完整参数输出模型的独立训练Case。,Single V总夹角（按论文变量定义保存）,,17,P12UNESA-60-ALL,P12UNESA-60-ALL,Root,0.3333333333333333,Explicit shared setting,12.0,5.0,60.0,PA,https://ejournal.unesa.ac.id/index.php/jtm-unesa/article/view/79008/55323,False,190.0,190.0,True,,33.0,33.0,True,,,,False,Missing target,TrainableResearch,,AH36,MAG 136,Single-V Butt Joint,True,,,A,Measured or experimental setting with traceable source metadata,,Pending,SRC-002,Analisis Pengaruh Variasi Sudut Kampuh Single V Joint Pengelasan FCAW Terhadap Sifat Mekanik Baja AH36,True,,True,,False,Missing or invalid target
P12UNESA-60-ALL,AH36-12-1G-60-UNESA,全过程固定电参,,,Root/Fill/Cap共用固定电流电压,,MAG 136（源文术语FCAW）,190.0,190.0,190.0,33.0,33.0,33.0,,,,,,,,,,,,,,,,,实验控制参数,已核验公开论文原文,待审核,UNESA JTM 2026：60° Single-V；AH36 12 mm；1G；100% CO₂；E71T-1C Ø1.2；190 A、33 V、DC+。论文未报告焊速、气流与WFS。root 4 mm，fill 6 mm分2层，cap 2 mm。,,,,32,12mm AH36 1G 单V 60° FCAW实验,公开期刊/高校实验Case,AH36,12,对接,Single V,60.0,5.0,,,,1.0,陶瓷衬垫（本项目后续不作为筛选条件）,1G (flat),FCAW，标准化归入MAG 136,136.0,AWS E71T-1C,1.2,100% CO₂,,,,DC+,,,4.0,,部分,1G核心工况高度匹配；给出电流、电压、极性、层厚结构；未报告焊速、气体流量和送丝速度,已核验公开论文原文,待审核,高,Analisis Pengaruh Variasi Sudut Kampuh Single V Joint Pengelasan FCAW Terhadap Sifat Mekanik Baja AH36,"Universitas Negeri Surabaya, JTM Vol.15 No.02 (2026)",https://ejournal.unesa.ac.id/index.php/jtm-unesa/article/view/79008/55323,"Variabel Kontrol, lines 170–187；结果部分",原文固定AH36 12 mm、1G、单面焊、gap 5 mm、100% CO₂、E71T-1C Ø1.2 mm、190 A、33 V、DC+。root厚4 mm；fill总厚6 mm分2层各3 mm；cap厚2 mm。50°组的力学性能最佳。由于未给焊速/气流/WFS，暂不作为完整参数输出模型的独立训练Case。,Single V总夹角（按论文变量定义保存）,,17,P12UNESA-60-ALL,P12UNESA-60-ALL,Fill,0.3333333333333333,Explicit shared setting,12.0,5.0,60.0,PA,https://ejournal.unesa.ac.id/index.php/jtm-unesa/article/view/79008/55323,False,190.0,190.0,True,,33.0,33.0,True,,,,False,Missing target,TrainableResearch,,AH36,MAG 136,Single-V Butt Joint,True,,,A,Measured or experimental setting with traceable source metadata,,Pending,SRC-002,Analisis Pengaruh Variasi Sudut Kampuh Single V Joint Pengelasan FCAW Terhadap Sifat Mekanik Baja AH36,True,,True,,False,Missing or invalid target
P12UNESA-60-ALL,AH36-12-1G-60-UNESA,全过程固定电参,,,Root/Fill/Cap共用固定电流电压,,MAG 136（源文术语FCAW）,190.0,190.0,190.0,33.0,33.0,33.0,,,,,,,,,,,,,,,,,实验控制参数,已核验公开论文原文,待审核,UNESA JTM 2026：60° Single-V；AH36 12 mm；1G；100% CO₂；E71T-1C Ø1.2；190 A、33 V、DC+。论文未报告焊速、气流与WFS。root 4 mm，fill 6 mm分2层，cap 2 mm。,,,,32,12mm AH36 1G 单V 60° FCAW实验,公开期刊/高校实验Case,AH36,12,对接,Single V,60.0,5.0,,,,1.0,陶瓷衬垫（本项目后续不作为筛选条件）,1G (flat),FCAW，标准化归入MAG 136,136.0,AWS E71T-1C,1.2,100% CO₂,,,,DC+,,,4.0,,部分,1G核心工况高度匹配；给出电流、电压、极性、层厚结构；未报告焊速、气体流量和送丝速度,已核验公开论文原文,待审核,高,Analisis Pengaruh Variasi Sudut Kampuh Single V Joint Pengelasan FCAW Terhadap Sifat Mekanik Baja AH36,"Universitas Negeri Surabaya, JTM Vol.15 No.02 (2026)",https://ejournal.unesa.ac.id/index.php/jtm-unesa/article/view/79008/55323,"Variabel Kontrol, lines 170–187；结果部分",原文固定AH36 12 mm、1G、单面焊、gap 5 mm、100% CO₂、E71T-1C Ø1.2 mm、190 A、33 V、DC+。root厚4 mm；fill总厚6 mm分2层各3 mm；cap厚2 mm。50°组的力学性能最佳。由于未给焊速/气流/WFS，暂不作为完整参数输出模型的独立训练Case。,Single V总夹角（按论文变量定义保存）,,17,P12UNESA-60-ALL,P12UNESA-60-ALL,Cap,0.3333333333333333,Explicit shared setting,12.0,5.0,60.0,PA,https://ejournal.unesa.ac.id/index.php/jtm-unesa/article/view/79008/55323,False,190.0,190.0,True,,33.0,33.0,True,,,,False,Missing target,TrainableResearch,,AH36,MAG 136,Single-V Butt Joint,True,,,A,Measured or experimental setting with traceable source metadata,,Pending,SRC-002,Analisis Pengaruh Variasi Sudut Kampuh Single V Joint Pengelasan FCAW Terhadap Sifat Mekanik Baja AH36,True,,True,,False,Missing or invalid target
P20KR-ALL,AH36-20-KR-FCAW-001,整体工艺窗口,,,专利焊丝评价工况,,MAG 136（源文术语FCAW）,280.0,300.0,,31.0,32.0,,300.0,350.0,,,,,,,,,,,,,,原文14.9–19.2 kJ/cm = 1.49–1.92 kJ/mm,专利实验工艺窗口,已核验专利公开文本,否,KR102664070B1：AH36 20 mm，FCAW，280–300 A，31–32 V，30–35 cm/min，平均热输入14.9–19.2 kJ/cm，100% CO₂；接头/位置/线径未给。,,,,33,20mm AH36 100%CO₂ FCAW专利评价工况,韩国专利焊丝评价Case,AH36,20,,,,,,,,,,,FCAW，100% CO₂，标准化归入MAG 136,136.0,专利实施例药芯焊丝（未给商标牌号）,,100% CO₂,,,,,,,,,待核验,20 mm AH36；电流/电压/焊速/热输入完整；接头、位置、焊丝直径未明确,已核验专利公开文本,否,中,KR102664070B1 - Gas shield flux cored wire having good weldability,韩国授权专利,https://patents.google.com/patent/KR102664070B1/en,AH36 20 mm FCAW welding condition paragraph,专利对20 mm AH36进行药芯焊丝电弧焊评价：280–300 A、31–32 V、30–35 cm/min、平均热输入14.9–19.2 kJ/cm、100% CO₂。由于未公开明确接头形式/焊接位置/焊丝直径，只作为20 mm工艺窗口参考。,未给,,19,P20KR-ALL,P20KR-ALL,,1.0,Source role,20.0,,,,https://patents.google.com/patent/KR102664070B1/en,False,,,False,"Source explicitly excludes training; Missing or ambiguous input: GrooveAngle,RootGap,Position,PassRole; Not an eligible experimental point; Missing target",,,False,"Source explicitly excludes training; Missing or ambiguous input: GrooveAngle,RootGap,Position,PassRole; Not an eligible experimental point; Missing target",,,False,"Source explicitly excludes training; Missing or ambiguous input: GrooveAngle,RootGap,Position,PassRole; Not an eligible experimental point; Missing target",Constraint,"Source explicitly excludes training; Missing or ambiguous input: GrooveAngle,RootGap,Position,PassRole; Not an eligible experimental point",AH36,MAG 136,,False,"JointType, Position, GrooveAngle, RootGap",,C,Range or window retained for Constraint Check only,,Pending,SRC-004,KR102664070B1 - Gas shield flux cored wire having good weldability,False,"Missing project scope fields: JointType,Position,GrooveAngle,RootGap; Missing or ambiguous PassRole; EvidenceLevel C is not eligible for supervised training; Source explicitly excludes training; Missing or invalid target",False,"Missing project scope fields: JointType,Position,GrooveAngle,RootGap; Missing or ambiguous PassRole; EvidenceLevel C is not eligible for supervised training; Source explicitly excludes training; Missing or invalid target",False,"Missing project scope fields: JointType,Position,GrooveAngle,RootGap; Missing or ambiguous PassRole; EvidenceLevel C is not eligible for supervised training; Source explicitly excludes training; Missing or invalid target"
